Date,AdjClose
30-08-2000,273.899994
31-08-2000,278.299988
01-09-2000,277
04-09-2000,null
05-09-2000,275.799988
06-09-2000,274.200012
07-09-2000,274
08-09-2000,273.299988
11-09-2000,273.100006
12-09-2000,272.899994
13-09-2000,272.799988
14-09-2000,272.399994
15-09-2000,272.299988
18-09-2000,271.399994
19-09-2000,271.899994
20-09-2000,269
21-09-2000,270.299988
22-09-2000,271.799988
25-09-2000,274.100006
26-09-2000,273.899994
27-09-2000,278.399994
28-09-2000,275.600006
29-09-2000,273.600006
02-10-2000,273.100006
03-10-2000,271.600006
04-10-2000,270.299988
05-10-2000,270.600006
06-10-2000,269.299988
09-10-2000,270.100006
10-10-2000,272.399994
11-10-2000,270.5
12-10-2000,276.399994
13-10-2000,272.399994
16-10-2000,271.5
17-10-2000,271.100006
18-10-2000,270.299988
19-10-2000,270.100006
20-10-2000,271.200012
23-10-2000,270.100006
24-10-2000,270.100006
25-10-2000,266.200012
26-10-2000,264.899994
27-10-2000,264.399994
30-10-2000,264.299988
31-10-2000,264.899994
01-11-2000,263.899994
02-11-2000,264.399994
03-11-2000,264.600006
06-11-2000,264.5
07-11-2000,264.299988
08-11-2000,265
09-11-2000,265.799988
10-11-2000,264.5
13-11-2000,264.299988
14-11-2000,264.899994
15-11-2000,265.100006
16-11-2000,265.799988
17-11-2000,265.700012
20-11-2000,266.299988
21-11-2000,265.700012
22-11-2000,266.299988
23-11-2000,null
24-11-2000,null
27-11-2000,270.100006
28-11-2000,269.799988
29-11-2000,266.399994
30-11-2000,270.100006
01-12-2000,268.700012
04-12-2000,270.700012
05-12-2000,270.399994
06-12-2000,274.299988
07-12-2000,273.200012
08-12-2000,272.200012
11-12-2000,270.200012
12-12-2000,270.299988
13-12-2000,268.600006
14-12-2000,269
15-12-2000,270.399994
18-12-2000,269.700012
19-12-2000,269.700012
20-12-2000,272.5
21-12-2000,273.700012
22-12-2000,273.700012
25-12-2000,null
26-12-2000,274.100006
27-12-2000,275.200012
28-12-2000,271.700012
29-12-2000,272
01-01-2001,null
02-01-2001,268.399994
03-01-2001,268
04-01-2001,267.299988
05-01-2001,268
08-01-2001,268
09-01-2001,267.5
10-01-2001,264.700012
11-01-2001,264
12-01-2001,263.899994
15-01-2001,null
16-01-2001,263.299988
17-01-2001,263.200012
18-01-2001,264.200012
19-01-2001,264.299988
22-01-2001,266.399994
23-01-2001,266.100006
24-01-2001,264.299988
25-01-2001,264.5
26-01-2001,262.799988
29-01-2001,262.799988
30-01-2001,265.5
31-01-2001,265.600006
01-02-2001,268.5
02-02-2001,267.100006
05-02-2001,265.200012
06-02-2001,263.299988
07-02-2001,262.799988
08-02-2001,260.100006
09-02-2001,259.899994
12-02-2001,260.700012
13-02-2001,260.299988
14-02-2001,259.399994
15-02-2001,255.100006
16-02-2001,258.200012
19-02-2001,null
20-02-2001,256.100006
21-02-2001,258.200012
22-02-2001,258.5
23-02-2001,260.899994
26-02-2001,265.799988
27-02-2001,267.399994
28-02-2001,266.799988
01-03-2001,265.200012
02-03-2001,262.100006
05-03-2001,262.5
06-03-2001,259.899994
07-03-2001,261.399994
08-03-2001,265.399994
09-03-2001,270.799988
12-03-2001,271.600006
13-03-2001,266.799988
14-03-2001,262.5
15-03-2001,260
16-03-2001,258.100006
19-03-2001,259.799988
20-03-2001,260.5
21-03-2001,261.899994
22-03-2001,261.100006
23-03-2001,261.5
26-03-2001,261.899994
27-03-2001,261
28-03-2001,259.700012
29-03-2001,258.799988
30-03-2001,257.899994
02-04-2001,255.600006
03-04-2001,256.799988
04-04-2001,258.399994
05-04-2001,258.100006
06-04-2001,260
09-04-2001,258.299988
10-04-2001,257.299988
11-04-2001,258.700012
12-04-2001,260.100006
13-04-2001,null
16-04-2001,263.299988
17-04-2001,261.100006
18-04-2001,261.299988
19-04-2001,265.299988
20-04-2001,264.799988
23-04-2001,263.700012
24-04-2001,264.100006
25-04-2001,262.399994
26-04-2001,264.399994
27-04-2001,263.899994
30-04-2001,264
01-05-2001,264.399994
02-05-2001,265.399994
03-05-2001,266.299988
04-05-2001,266.100006
07-05-2001,266.100006
08-05-2001,265.100006
09-05-2001,270
10-05-2001,269.100006
11-05-2001,267.899994
14-05-2001,268.299988
15-05-2001,268.100006
16-05-2001,272
17-05-2001,273.600006
18-05-2001,287.399994
21-05-2001,285.399994
22-05-2001,285.100006
23-05-2001,283.600006
24-05-2001,279.100006
25-05-2001,277.899994
28-05-2001,null
29-05-2001,273.799988
30-05-2001,265.700012
31-05-2001,265.299988
01-06-2001,266.399994
04-06-2001,264.899994
05-06-2001,265.700012
06-06-2001,265.700012
07-06-2001,266
08-06-2001,273.399994
11-06-2001,267.899994
12-06-2001,271.5
13-06-2001,272
14-06-2001,275.299988
15-06-2001,271.200012
18-06-2001,272.399994
19-06-2001,273.399994
20-06-2001,272.399994
21-06-2001,272.600006
22-06-2001,272.299988
25-06-2001,273.700012
26-06-2001,276.200012
27-06-2001,272.100006
28-06-2001,269.299988
29-06-2001,270.600006
02-07-2001,269.399994
03-07-2001,267.600006
04-07-2001,null
05-07-2001,265.100006
06-07-2001,265.899994
09-07-2001,266.5
10-07-2001,266.200012
11-07-2001,268.299988
12-07-2001,266.600006
13-07-2001,267.100006
16-07-2001,266.899994
17-07-2001,268.100006
18-07-2001,270.399994
19-07-2001,269.399994
20-07-2001,269.899994
23-07-2001,268.799988
24-07-2001,269.700012
25-07-2001,267.700012
26-07-2001,266.200012
27-07-2001,267.399994
30-07-2001,264.600006
31-07-2001,266.200012
01-08-2001,267.399994
02-08-2001,267.399994
03-08-2001,267.899994
06-08-2001,267.100006
07-08-2001,267.200012
08-08-2001,267.899994
09-08-2001,273.399994
10-08-2001,273.899994
13-08-2001,275.700012
14-08-2001,276.299988
15-08-2001,275.700012
16-08-2001,275.200012
17-08-2001,279.299988
20-08-2001,276.100006
21-08-2001,275
22-08-2001,274.899994
23-08-2001,275.299988
24-08-2001,272.5
27-08-2001,272.600006
28-08-2001,272.299988
29-08-2001,273.700012
30-08-2001,275.399994
31-08-2001,274.399994
03-09-2001,null
04-09-2001,271.600006
05-09-2001,272
06-09-2001,273
07-09-2001,273.100006
10-09-2001,271.600006
11-09-2001,null
12-09-2001,null
13-09-2001,null
14-09-2001,290.200012
17-09-2001,289.799988
18-09-2001,288.100006
19-09-2001,291.5
20-09-2001,289
21-09-2001,291.899994
24-09-2001,289.700012
25-09-2001,290.5
26-09-2001,293.299988
27-09-2001,291.700012
28-09-2001,292.399994
01-10-2001,292.200012
02-10-2001,289.899994
03-10-2001,290.5
04-10-2001,290.5
05-10-2001,291.399994
08-10-2001,292.399994
09-10-2001,288.899994
10-10-2001,285.700012
11-10-2001,281.799988
12-10-2001,284.899994
15-10-2001,282.100006
16-10-2001,282.299988
17-10-2001,283.399994
18-10-2001,279.200012
19-10-2001,280.100006
22-10-2001,275.5
23-10-2001,276.100006
24-10-2001,275.899994
25-10-2001,277.799988
26-10-2001,277.899994
29-10-2001,279.100006
30-10-2001,280.600006
31-10-2001,279.5
01-11-2001,279.700012
02-11-2001,279.799988
05-11-2001,278.5
06-11-2001,279.700012
07-11-2001,281
08-11-2001,276.799988
09-11-2001,277.399994
12-11-2001,278.299988
13-11-2001,277.799988
14-11-2001,277.799988
15-11-2001,275.100006
16-11-2001,274.700012
19-11-2001,272.700012
20-11-2001,273
21-11-2001,272.899994
22-11-2001,null
23-11-2001,null
26-11-2001,272.299988
27-11-2001,273.200012
28-11-2001,274.100006
29-11-2001,273.5
30-11-2001,273.899994
03-12-2001,276.899994
04-12-2001,275.399994
05-12-2001,273.700012
06-12-2001,274.200012
07-12-2001,273.899994
10-12-2001,272.200012
11-12-2001,272.200012
12-12-2001,273.799988
13-12-2001,273.899994
14-12-2001,278
17-12-2001,277.700012
18-12-2001,280.399994
19-12-2001,275.5
20-12-2001,276
21-12-2001,278
24-12-2001,null
25-12-2001,null
26-12-2001,279.700012
27-12-2001,277.399994
28-12-2001,276.5
31-12-2001,278.700012
01-01-2002,null
02-01-2002,278.899994
03-01-2002,278.200012
04-01-2002,278.899994
07-01-2002,278.600006
08-01-2002,278.899994
09-01-2002,283.399994
10-01-2002,287.100006
11-01-2002,287.399994
14-01-2002,285.399994
15-01-2002,284.399994
16-01-2002,287.299988
17-01-2002,284.399994
18-01-2002,283.100006
21-01-2002,null
22-01-2002,281.5
23-01-2002,278.600006
24-01-2002,278.100006
25-01-2002,278.799988
28-01-2002,278.299988
29-01-2002,281.399994
30-01-2002,281.899994
31-01-2002,282.100006
01-02-2002,286
04-02-2002,289.299988
05-02-2002,298.200012
06-02-2002,297.5
07-02-2002,299.700012
08-02-2002,303.5
11-02-2002,300.100006
12-02-2002,300.700012
13-02-2002,299.399994
14-02-2002,299.700012
15-02-2002,298.399994
18-02-2002,null
19-02-2002,293.200012
20-02-2002,292.299988
21-02-2002,293.200012
22-02-2002,293.200012
25-02-2002,292.700012
26-02-2002,298
27-02-2002,296.299988
28-02-2002,296.700012
01-03-2002,298
04-03-2002,296.700012
05-03-2002,294
06-03-2002,293.5
07-03-2002,290.100006
08-03-2002,290.100006
11-03-2002,291.100006
12-03-2002,293.600006
13-03-2002,293.600006
14-03-2002,291
15-03-2002,289.899994
18-03-2002,292.100006
19-03-2002,292.799988
20-03-2002,292.100006
21-03-2002,292.799988
22-03-2002,297.299988
25-03-2002,297.399994
26-03-2002,296.600006
27-03-2002,302.200012
28-03-2002,302.600006
29-03-2002,null
01-04-2002,303.200012
02-04-2002,305.899994
03-04-2002,302.600006
04-04-2002,301.100006
05-04-2002,300.100006
08-04-2002,300.5
09-04-2002,298.799988
10-04-2002,301.700012
11-04-2002,302.200012
12-04-2002,302.100006
15-04-2002,300
16-04-2002,298.799988
17-04-2002,302.100006
18-04-2002,304.5
19-04-2002,302.299988
22-04-2002,303
23-04-2002,304
24-04-2002,304.299988
25-04-2002,308.100006
26-04-2002,311.600006
29-04-2002,311.200012
30-04-2002,308.899994
01-05-2002,309.100006
02-05-2002,308.299988
03-05-2002,312.200012
06-05-2002,311.200012
07-05-2002,311.600006
08-05-2002,308.200012
09-05-2002,309.5
10-05-2002,311
13-05-2002,310.600006
14-05-2002,307.299988
15-05-2002,308.700012
16-05-2002,309.799988
17-05-2002,310.600006
20-05-2002,315.700012
21-05-2002,315.799988
22-05-2002,318
23-05-2002,322.5
24-05-2002,320.399994
27-05-2002,null
28-05-2002,323.899994
29-05-2002,325.399994
30-05-2002,325.5
31-05-2002,326.5
03-06-2002,326.700012
04-06-2002,327.799988
05-06-2002,321.200012
06-06-2002,324.899994
07-06-2002,324.600006
10-06-2002,318.700012
11-06-2002,319.700012
12-06-2002,320.299988
13-06-2002,317.700012
14-06-2002,319.100006
17-06-2002,317.399994
18-06-2002,319.200012
19-06-2002,319.799988
20-06-2002,323.200012
21-06-2002,324.600006
24-06-2002,324.299988
25-06-2002,320.200012
26-06-2002,320.5
27-06-2002,319.200012
28-06-2002,313.5
01-07-2002,314
02-07-2002,312.799988
03-07-2002,310.899994
04-07-2002,null
05-07-2002,null
08-07-2002,312.100006
09-07-2002,316.100006
10-07-2002,314.700012
11-07-2002,317.200012
12-07-2002,315.600006
15-07-2002,319.600006
16-07-2002,317.200012
17-07-2002,317.399994
18-07-2002,317
19-07-2002,323.899994
22-07-2002,323.600006
23-07-2002,312.700012
24-07-2002,311.5
25-07-2002,309.799988
26-07-2002,303.399994
29-07-2002,302.5
30-07-2002,303.700012
31-07-2002,303.200012
01-08-2002,304
02-08-2002,307
05-08-2002,307.799988
06-08-2002,305.5
07-08-2002,314.299988
08-08-2002,310.399994
09-08-2002,314.200012
12-08-2002,314.100006
13-08-2002,314.200012
14-08-2002,311.799988
15-08-2002,314.299988
16-08-2002,313.700012
19-08-2002,306
20-08-2002,308.700012
21-08-2002,307.600006
22-08-2002,306.600006
23-08-2002,306.700012
26-08-2002,309.399994
27-08-2002,312.299988
28-08-2002,309.399994
29-08-2002,312.899994
30-08-2002,312.399994
02-09-2002,null
03-09-2002,313.399994
04-09-2002,314.899994
05-09-2002,318.200012
06-09-2002,319.899994
09-09-2002,321.299988
10-09-2002,317.899994
11-09-2002,316.600006
12-09-2002,318.899994
13-09-2002,316.600006
16-09-2002,317.100006
17-09-2002,317
18-09-2002,320.600006
19-09-2002,322.600006
20-09-2002,321.899994
23-09-2002,323
24-09-2002,325.899994
25-09-2002,322.200012
26-09-2002,320.299988
27-09-2002,319.700012
30-09-2002,323.899994
01-10-2002,320.899994
02-10-2002,321.5
03-10-2002,321.100006
04-10-2002,322.100006
07-10-2002,321.899994
08-10-2002,318.200012
09-10-2002,319.600006
10-10-2002,316.5
11-10-2002,316.299988
14-10-2002,317.799988
15-10-2002,312.600006
16-10-2002,314
17-10-2002,311.600006
18-10-2002,312.700012
21-10-2002,310.899994
22-10-2002,313
23-10-2002,312
24-10-2002,310.700012
25-10-2002,313.399994
28-10-2002,315.200012
29-10-2002,317.700012
30-10-2002,316.5
31-10-2002,318
01-11-2002,318.799988
04-11-2002,318.299988
05-11-2002,318.200012
06-11-2002,317.5
07-11-2002,320.5
08-11-2002,321.299988
11-11-2002,321.200012
12-11-2002,324.5
13-11-2002,318.700012
14-11-2002,317.899994
15-11-2002,320.700012
18-11-2002,319.200012
19-11-2002,318.600006
20-11-2002,317.399994
21-11-2002,317.399994
22-11-2002,320.700012
25-11-2002,317.799988
26-11-2002,317.700012
27-11-2002,316.799988
28-11-2002,null
29-11-2002,null
02-12-2002,317.600006
03-12-2002,320.200012
04-12-2002,322.200012
05-12-2002,324.799988
06-12-2002,326.299988
09-12-2002,325.799988
10-12-2002,323.5
11-12-2002,324.799988
12-12-2002,331.399994
13-12-2002,333.200012
16-12-2002,337
17-12-2002,337.399994
18-12-2002,342.100006
19-12-2002,345.899994
20-12-2002,340.5
23-12-2002,345.100006
24-12-2002,346.799988
25-12-2002,null
26-12-2002,348.899994
27-12-2002,349.200012
30-12-2002,343.399994
31-12-2002,347.600006
01-01-2003,null
02-01-2003,346.100006
03-01-2003,351.200012
06-01-2003,351.700012
07-01-2003,347.299988
08-01-2003,353.899994
09-01-2003,353.299988
10-01-2003,354.5
13-01-2003,354.700012
14-01-2003,352
15-01-2003,350.700012
16-01-2003,357.700012
17-01-2003,356.600006
20-01-2003,null
21-01-2003,357.299988
22-01-2003,359.700012
23-01-2003,364.5
24-01-2003,368.200012
27-01-2003,369.399994
28-01-2003,370
29-01-2003,366.299988
30-01-2003,368.600006
31-01-2003,368.299988
03-02-2003,370.799988
04-02-2003,379
05-02-2003,376.399994
06-02-2003,370.100006
07-02-2003,369.899994
10-02-2003,363.700012
11-02-2003,362.5
12-02-2003,352.600006
13-02-2003,357.399994
14-02-2003,351.899994
17-02-2003,null
18-02-2003,344.200012
19-02-2003,349.899994
20-02-2003,353.100006
21-02-2003,351.799988
24-02-2003,356.299988
25-02-2003,352.299988
26-02-2003,354
27-02-2003,346.100006
28-02-2003,350.200012
03-03-2003,349.200012
04-03-2003,353.200012
05-03-2003,353.100006
06-03-2003,356.799988
07-03-2003,350.799988
10-03-2003,354.700012
11-03-2003,350.5
12-03-2003,346.5
13-03-2003,335.899994
14-03-2003,336.5
17-03-2003,337.100006
18-03-2003,337.600006
19-03-2003,336.100006
20-03-2003,332.899994
21-03-2003,326
24-03-2003,329.5
25-03-2003,328.399994
26-03-2003,330.299988
27-03-2003,328.700012
28-03-2003,328.700012
31-03-2003,335.899994
01-04-2003,334.299988
02-04-2003,329.600006
03-04-2003,324.899994
04-04-2003,325.299988
07-04-2003,321.5
08-04-2003,322.200012
09-04-2003,325.600006
10-04-2003,326.700012
11-04-2003,327.899994
14-04-2003,324.200012
15-04-2003,324.899994
16-04-2003,325.799988
17-04-2003,327.200012
18-04-2003,null
21-04-2003,333.5
22-04-2003,334.399994
23-04-2003,331.5
24-04-2003,334.799988
25-04-2003,333.399994
28-04-2003,334.5
29-04-2003,333.700012
30-04-2003,339.100006
01-05-2003,342.100006
02-05-2003,341
05-05-2003,342.299988
06-05-2003,342.5
07-05-2003,341.899994
08-05-2003,348.399994
09-05-2003,348.600006
12-05-2003,351.600006
13-05-2003,350
14-05-2003,352.299988
15-05-2003,352.600006
16-05-2003,354.700012
19-05-2003,364.200012
20-05-2003,366.299988
21-05-2003,372
22-05-2003,368.100006
23-05-2003,368.799988
26-05-2003,null
27-05-2003,367.799988
28-05-2003,365.200012
29-05-2003,369.600006
30-05-2003,364.5
02-06-2003,366
03-06-2003,365.200012
04-06-2003,362.600006
05-06-2003,368.600006
06-06-2003,363.700012
09-06-2003,361.799988
10-06-2003,352.200012
11-06-2003,355.5
12-06-2003,353.299988
13-06-2003,356.600006
16-06-2003,359
17-06-2003,363.200012
18-06-2003,357.200012
19-06-2003,361.299988
20-06-2003,356.299988
23-06-2003,353
24-06-2003,346.299988
25-06-2003,349.299988
26-06-2003,343.899994
27-06-2003,345.200012
30-06-2003,346
01-07-2003,351.399994
02-07-2003,351.299988
03-07-2003,351
04-07-2003,null
07-07-2003,348.100006
08-07-2003,344.100006
09-07-2003,343.600006
10-07-2003,344.299988
11-07-2003,344.799988
14-07-2003,347.700012
15-07-2003,342.100006
16-07-2003,343.100006
17-07-2003,344.200012
18-07-2003,347.200012
21-07-2003,350.899994
22-07-2003,350.600006
23-07-2003,358.600006
24-07-2003,362.200012
25-07-2003,362.700012
28-07-2003,364.799988
29-07-2003,361.700012
30-07-2003,356.200012
31-07-2003,354
01-08-2003,346.100006
04-08-2003,349.200012
05-08-2003,349.600006
06-08-2003,350.799988
07-08-2003,352.5
08-08-2003,356.299988
11-08-2003,361.700012
12-08-2003,358.5
13-08-2003,362.100006
14-08-2003,366
15-08-2003,363.200012
18-08-2003,358.399994
19-08-2003,361.600006
20-08-2003,365.600006
21-08-2003,360.600006
22-08-2003,363.100006
25-08-2003,361.299988
26-08-2003,365.799988
27-08-2003,373.5
28-08-2003,370.5
29-08-2003,375.700012
01-09-2003,null
02-09-2003,373.200012
03-09-2003,373.899994
04-09-2003,372.899994
05-09-2003,377.600006
08-09-2003,375.100006
09-09-2003,381.700012
10-09-2003,380
11-09-2003,379.700012
12-09-2003,375.799988
15-09-2003,374.5
16-09-2003,373.5
17-09-2003,376.200012
18-09-2003,376.600006
19-09-2003,381.799988
22-09-2003,387.200012
23-09-2003,385.899994
24-09-2003,387.5
25-09-2003,385
26-09-2003,380.799988
29-09-2003,382.399994
30-09-2003,385.399994
01-10-2003,384.299988
02-10-2003,383.100006
03-10-2003,369.399994
06-10-2003,372.700012
07-10-2003,377.200012
08-10-2003,375.399994
09-10-2003,369.200012
10-10-2003,373.600006
13-10-2003,375.200012
14-10-2003,375.700012
15-10-2003,372.600006
16-10-2003,372.700012
17-10-2003,371.799988
20-10-2003,374
21-10-2003,381.700012
22-10-2003,386.5
23-10-2003,384.700012
24-10-2003,388.899994
27-10-2003,387.899994
28-10-2003,383.200012
29-10-2003,386.799988
30-10-2003,384.299988
31-10-2003,384.5
03-11-2003,377
04-11-2003,379.899994
05-11-2003,382.600006
06-11-2003,380.600006
07-11-2003,383.299988
10-11-2003,386.600006
11-11-2003,388.100006
12-11-2003,394.899994
13-11-2003,394.100006
14-11-2003,397.799988
17-11-2003,391.5
18-11-2003,397.600006
19-11-2003,394.899994
20-11-2003,393.700012
21-11-2003,396
24-11-2003,391.5
25-11-2003,391.100006
26-11-2003,396.799988
27-11-2003,null
28-11-2003,null
01-12-2003,402.700012
02-12-2003,403.700012
03-12-2003,403.899994
04-12-2003,403.299988
05-12-2003,406.399994
08-12-2003,406.600006
09-12-2003,408.200012
10-12-2003,406.200012
11-12-2003,404.600006
12-12-2003,409.399994
15-12-2003,409.200012
16-12-2003,407.700012
17-12-2003,412
18-12-2003,410.399994
19-12-2003,409.200012
22-12-2003,410.600006
23-12-2003,411
24-12-2003,412.299988
25-12-2003,null
26-12-2003,null
29-12-2003,414.799988
30-12-2003,416.899994
31-12-2003,415.700012
01-01-2004,null
02-01-2004,null
05-01-2004,424.399994
06-01-2004,422.799988
07-01-2004,421.899994
08-01-2004,424
09-01-2004,426.399994
12-01-2004,426.299988
13-01-2004,423.700012
14-01-2004,421.700012
15-01-2004,408.399994
16-01-2004,406.700012
19-01-2004,null
20-01-2004,412.700012
21-01-2004,411.100006
22-01-2004,410
23-01-2004,407.899994
26-01-2004,406.600006
27-01-2004,410
28-01-2004,414.5
29-01-2004,398.5
30-01-2004,402.200012
02-02-2004,398.700012
03-02-2004,399.200012
04-02-2004,401
05-02-2004,398.100006
06-02-2004,403.600006
09-02-2004,406.799988
10-02-2004,406.399994
11-02-2004,410.200012
12-02-2004,413.700012
13-02-2004,410.299988
16-02-2004,null
17-02-2004,416
18-02-2004,412.299988
19-02-2004,409.799988
20-02-2004,397.5
23-02-2004,399
24-02-2004,404.5
25-02-2004,395.799988
26-02-2004,395.799988
27-02-2004,396.399994
01-03-2004,399.299988
02-03-2004,393.5
03-03-2004,392.399994
04-03-2004,392.899994
05-03-2004,401.299988
08-03-2004,400.600006
09-03-2004,404.200012
10-03-2004,400
11-03-2004,400.700012
12-03-2004,395.299988
15-03-2004,399.399994
16-03-2004,402.399994
17-03-2004,406.899994
18-03-2004,411.100006
19-03-2004,412.5
22-03-2004,417.399994
23-03-2004,419.799988
24-03-2004,417.200012
25-03-2004,416.700012
26-03-2004,422.100006
29-03-2004,417.100006
30-03-2004,421.700012
31-03-2004,427.299988
01-04-2004,427.799988
02-04-2004,421.600006
05-04-2004,415.399994
06-04-2004,418.899994
07-04-2004,422.799988
08-04-2004,419.899994
09-04-2004,null
12-04-2004,420.100006
13-04-2004,407
14-04-2004,399.799988
15-04-2004,397.700012
16-04-2004,401
19-04-2004,400.600006
20-04-2004,397.700012
21-04-2004,390.799988
22-04-2004,393.299988
23-04-2004,395.100006
26-04-2004,396
27-04-2004,398.600006
28-04-2004,385.399994
29-04-2004,386.600006
30-04-2004,387
03-05-2004,387
04-05-2004,391.399994
05-05-2004,393.399994
06-05-2004,388
07-05-2004,378.700012
10-05-2004,378.299988
11-05-2004,376.899994
12-05-2004,377.399994
13-05-2004,374.799988
14-05-2004,377
17-05-2004,379.5
18-05-2004,375.799988
19-05-2004,382.899994
20-05-2004,378.399994
21-05-2004,384.799988
24-05-2004,385.600006
25-05-2004,388.299988
26-05-2004,388.299988
27-05-2004,394.899994
28-05-2004,394
31-05-2004,null
01-06-2004,394.600006
02-06-2004,390.700012
03-06-2004,388.100006
04-06-2004,390.899994
07-06-2004,393.799988
08-06-2004,391
09-06-2004,384.5
10-06-2004,385.899994
11-06-2004,null
14-06-2004,383.600006
15-06-2004,388.100006
16-06-2004,384.600006
17-06-2004,388.899994
18-06-2004,395.100006
21-06-2004,394
22-06-2004,395
23-06-2004,395
24-06-2004,403.100006
25-06-2004,402.899994
28-06-2004,401
29-06-2004,392.5
30-06-2004,392.600006
01-07-2004,396
02-07-2004,398.299988
05-07-2004,null
06-07-2004,392.600006
07-07-2004,402.299988
08-07-2004,407.799988
09-07-2004,407.5
12-07-2004,408.100006
13-07-2004,402
14-07-2004,405.399994
15-07-2004,404.200012
16-07-2004,406.600006
19-07-2004,405.600006
20-07-2004,401.899994
21-07-2004,397.100006
22-07-2004,395.200012
23-07-2004,390.5
26-07-2004,390.299988
27-07-2004,387
28-07-2004,389
29-07-2004,387
30-07-2004,391
02-08-2004,391.700012
03-08-2004,394
04-08-2004,392.200012
05-08-2004,392.299988
06-08-2004,399.799988
09-08-2004,400.700012
10-08-2004,400
11-08-2004,395.5
12-08-2004,394.299988
13-08-2004,398.899994
16-08-2004,402.899994
17-08-2004,404.399994
18-08-2004,404.299988
19-08-2004,407.100006
20-08-2004,413.200012
23-08-2004,410.5
24-08-2004,403
25-08-2004,407.899994
26-08-2004,407.399994
27-08-2004,403.299988
30-08-2004,407.799988
31-08-2004,410.399994
01-09-2004,408.799988
02-09-2004,406
03-09-2004,400.5
06-09-2004,null
07-09-2004,397.399994
08-09-2004,399.399994
09-09-2004,398.5
10-09-2004,401.899994
13-09-2004,404.100006
14-09-2004,405.700012
15-09-2004,405
16-09-2004,404.700012
17-09-2004,405.799988
20-09-2004,405.299988
21-09-2004,408.299988
22-09-2004,407.200012
23-09-2004,410.899994
24-09-2004,408.100006
27-09-2004,409.100006
28-09-2004,412.5
29-09-2004,413
30-09-2004,418.700012
01-10-2004,419.5
04-10-2004,414
05-10-2004,418.200012
06-10-2004,418.399994
07-10-2004,418
08-10-2004,423.100006
11-10-2004,422
12-10-2004,415.100006
13-10-2004,413.200012
14-10-2004,418.100006
15-10-2004,418.700012
18-10-2004,416.200012
19-10-2004,420.299988
20-10-2004,423.5
21-10-2004,424.399994
22-10-2004,424.600006
25-10-2004,429
26-10-2004,426.799988
27-10-2004,424.799988
28-10-2004,425.100006
29-10-2004,428.5
01-11-2004,427.299988
02-11-2004,420
03-11-2004,424.600006
04-11-2004,430.100006
05-11-2004,433.600006
08-11-2004,432.700012
09-11-2004,435.700012
10-11-2004,434
11-11-2004,434.899994
12-11-2004,437.899994
15-11-2004,437
16-11-2004,440.200012
17-11-2004,444.799988
18-11-2004,442.600006
19-11-2004,446.799988
22-11-2004,448.799988
23-11-2004,447.799988
24-11-2004,449.299988
25-11-2004,null
26-11-2004,null
29-11-2004,453.700012
30-11-2004,451.299988
01-12-2004,454
02-12-2004,450.399994
03-12-2004,456
06-12-2004,454.200012
07-12-2004,452
08-12-2004,437.200012
09-12-2004,435.799988
10-12-2004,433.899994
13-12-2004,438.899994
14-12-2004,435.899994
15-12-2004,440.799988
16-12-2004,436.899994
17-12-2004,441.600006
20-12-2004,442.399994
21-12-2004,441.799988
22-12-2004,440.299988
23-12-2004,441.899994
24-12-2004,null
27-12-2004,445.200012
28-12-2004,444.299988
29-12-2004,436
30-12-2004,437.5
31-12-2004,null
03-01-2005,428.700012
04-01-2005,428.5
05-01-2005,426.600006
06-01-2005,421
07-01-2005,418.899994
10-01-2005,419.100006
11-01-2005,421.899994
12-01-2005,426.100006
13-01-2005,424.5
14-01-2005,422.700012
17-01-2005,null
18-01-2005,423.200012
19-01-2005,423
20-01-2005,422.399994
21-01-2005,426.700012
24-01-2005,426.899994
25-01-2005,422
26-01-2005,426.899994
27-01-2005,426.299988
28-01-2005,425.799988
31-01-2005,421.799988
01-02-2005,420.799988
02-02-2005,421.100006
03-02-2005,416.600006
04-02-2005,414
07-02-2005,413.600006
08-02-2005,412.600006
09-02-2005,412.899994
10-02-2005,417.200012
11-02-2005,420.5
14-02-2005,425.799988
15-02-2005,425.899994
16-02-2005,425.5
17-02-2005,427.299988
18-02-2005,427.100006
21-02-2005,null
22-02-2005,434.5
23-02-2005,434.899994
24-02-2005,434.5
25-02-2005,434.899994
28-02-2005,436.5
01-03-2005,432.899994
02-03-2005,432.799988
03-03-2005,429.899994
04-03-2005,434.200012
07-03-2005,435
08-03-2005,440.299988
09-03-2005,442.100006
10-03-2005,442.799988
11-03-2005,446.200012
14-03-2005,441.100006
15-03-2005,440.899994
16-03-2005,443.700012
17-03-2005,438.700012
18-03-2005,439.299988
21-03-2005,431.100006
22-03-2005,431.299988
23-03-2005,425.200012
24-03-2005,424.700012
25-03-2005,null
28-03-2005,425.899994
29-03-2005,426
30-03-2005,null
31-03-2005,428.700012
01-04-2005,425.899994
04-04-2005,423.899994
05-04-2005,424.5
06-04-2005,427.100006
07-04-2005,426.5
08-04-2005,426.899994
11-04-2005,428.600006
12-04-2005,427.600006
13-04-2005,429.299988
14-04-2005,424
15-04-2005,424.899994
18-04-2005,427.5
19-04-2005,432.899994
20-04-2005,435.299988
21-04-2005,433
22-04-2005,434.299988
25-04-2005,434.600006
26-04-2005,437.899994
27-04-2005,433
28-04-2005,null
29-04-2005,435
02-05-2005,429.5
03-05-2005,426.700012
04-05-2005,429
05-05-2005,429.799988
06-05-2005,426.100006
09-05-2005,426.200012
10-05-2005,427.200012
11-05-2005,427.200012
12-05-2005,421.600006
13-05-2005,420.200012
16-05-2005,418.899994
17-05-2005,419.399994
18-05-2005,421.5
19-05-2005,420.5
20-05-2005,417.399994
23-05-2005,416.600006
24-05-2005,417.5
25-05-2005,418.799988
26-05-2005,418
27-05-2005,419.799988
30-05-2005,null
31-05-2005,416.299988
01-06-2005,415.299988
02-06-2005,422.700012
03-06-2005,423.700012
06-06-2005,426.5
07-06-2005,424.799988
08-06-2005,424.700012
09-06-2005,424.200012
10-06-2005,427.399994
13-06-2005,429.299988
14-06-2005,427.5
15-06-2005,429.100006
16-06-2005,436.200012
17-06-2005,438.299988
20-06-2005,438.399994
21-06-2005,438.899994
22-06-2005,438.100006
23-06-2005,441.700012
24-06-2005,440.5
27-06-2005,440.299988
28-06-2005,436.399994
29-06-2005,null
30-06-2005,435.899994
01-07-2005,427.799988
04-07-2005,null
05-07-2005,422.899994
06-07-2005,423.5
07-07-2005,423.299988
08-07-2005,422.899994
11-07-2005,425.5
12-07-2005,426.299988
13-07-2005,423.899994
14-07-2005,419.600006
15-07-2005,420.700012
18-07-2005,420.5
19-07-2005,419.700012
20-07-2005,421.700012
21-07-2005,425.399994
22-07-2005,424.700012
25-07-2005,425.700012
26-07-2005,423.399994
27-07-2005,424.700012
28-07-2005,427.299988
29-07-2005,429.899994
01-08-2005,431.899994
02-08-2005,431.899994
03-08-2005,436.899994
04-08-2005,437.899994
05-08-2005,437.200012
08-08-2005,434.700012
09-08-2005,434.200012
10-08-2005,436.5
11-08-2005,445.5
12-08-2005,445.899994
15-08-2005,442.200012
16-08-2005,446.100006
17-08-2005,439.899994
18-08-2005,439.5
19-08-2005,437.200012
22-08-2005,438.100006
23-08-2005,439.399994
24-08-2005,437.299988
25-08-2005,438.399994
26-08-2005,437.399994
29-08-2005,437
30-08-2005,431.200012
31-08-2005,433.799988
01-09-2005,442.299988
02-09-2005,444.200012
05-09-2005,null
06-09-2005,444.399994
07-09-2005,444.899994
08-09-2005,446.700012
09-09-2005,449
12-09-2005,449.700012
13-09-2005,446.100006
14-09-2005,449.799988
15-09-2005,455.5
16-09-2005,459.5
19-09-2005,466.700012
20-09-2005,466.200012
21-09-2005,468.899994
22-09-2005,466.600006
23-09-2005,463.5
26-09-2005,465.899994
27-09-2005,462.600006
28-09-2005,469.700012
29-09-2005,472.200012
30-09-2005,469
03-10-2005,466.100006
04-10-2005,466.100006
05-10-2005,466.100006
06-10-2005,471.899994
07-10-2005,474.700012
10-10-2005,475.100006
11-10-2005,477.100006
12-10-2005,473.899994
13-10-2005,471.100006
14-10-2005,469.200012
17-10-2005,474.100006
18-10-2005,472.100006
19-10-2005,463.5
20-10-2005,461
21-10-2005,467
24-10-2005,465
25-10-2005,472.799988
26-10-2005,471.200012
27-10-2005,473.799988
28-10-2005,473
31-10-2005,465.100006
01-11-2005,458.799988
02-11-2005,462.799988
03-11-2005,460.100006
04-11-2005,456.299988
07-11-2005,459
08-11-2005,460.899994
09-11-2005,466.299988
10-11-2005,466.600006
11-11-2005,468.299988
14-11-2005,468.200012
15-11-2005,468.100006
16-11-2005,478.299988
17-11-2005,486.200012
18-11-2005,485.600006
21-11-2005,489
22-11-2005,492.600006
23-11-2005,492.100006
24-11-2005,null
25-11-2005,null
28-11-2005,498.299988
29-11-2005,499.100006
30-11-2005,494.600006
01-12-2005,502.5
02-12-2005,503.299988
05-12-2005,508.899994
06-12-2005,510.200012
07-12-2005,514.299988
08-12-2005,519.299988
09-12-2005,527
12-12-2005,528.400024
13-12-2005,521
14-12-2005,506.5
15-12-2005,503.899994
16-12-2005,503.399994
19-12-2005,503.600006
20-12-2005,494.600006
21-12-2005,493
22-12-2005,502.700012
23-12-2005,503
26-12-2005,null
27-12-2005,508
28-12-2005,514.200012
29-12-2005,515.700012
30-12-2005,517.099976
02-01-2006,null
03-01-2006,530.700012
04-01-2006,533.900024
05-01-2006,526.299988
06-01-2006,539.700012
09-01-2006,549.099976
10-01-2006,544.299988
11-01-2006,548.799988
12-01-2006,548.299988
13-01-2006,556.099976
16-01-2006,null
17-01-2006,553.400024
18-01-2006,543.700012
19-01-2006,558.400024
20-01-2006,553.5
23-01-2006,558.299988
24-01-2006,557.700012
25-01-2006,562.200012
26-01-2006,559.700012
27-01-2006,558.700012
30-01-2006,565.799988
31-01-2006,570.799988
01-02-2006,569.400024
02-02-2006,572.5
03-02-2006,567.400024
06-02-2006,570.200012
07-02-2006,551
08-02-2006,550.099976
09-02-2006,564.5
10-02-2006,550.200012
13-02-2006,539
14-02-2006,545.900024
15-02-2006,539.700012
16-02-2006,546
17-02-2006,551.799988
20-02-2006,null
21-02-2006,553.900024
22-02-2006,553.900024
23-02-2006,548.400024
24-02-2006,558.799988
27-02-2006,554.700012
28-02-2006,561.599976
01-03-2006,563.5
02-03-2006,568.200012
03-03-2006,566
06-03-2006,554.900024
07-03-2006,552.700012
08-03-2006,542.5
09-03-2006,545.5
10-03-2006,539.900024
13-03-2006,546.099976
14-03-2006,551.700012
15-03-2006,553.099976
16-03-2006,554.400024
17-03-2006,554.099976
20-03-2006,555.200012
21-03-2006,552.400024
22-03-2006,550.900024
23-03-2006,550.099976
24-03-2006,560
27-03-2006,567
28-03-2006,566.599976
29-03-2006,573
30-03-2006,586.700012
31-03-2006,581.799988
03-04-2006,589.400024
04-04-2006,586
05-04-2006,587.900024
06-04-2006,595.200012
07-04-2006,588.400024
10-04-2006,597.599976
11-04-2006,595.200012
12-04-2006,597.5
13-04-2006,596.5
14-04-2006,null
17-04-2006,615.400024
18-04-2006,620
19-04-2006,632.599976
20-04-2006,619.799988
21-04-2006,632.200012
24-04-2006,620.599976
25-04-2006,631
26-04-2006,638.799988
27-04-2006,633.299988
28-04-2006,651.799988
01-05-2006,657.5
02-05-2006,664.700012
03-05-2006,665.900024
04-05-2006,674.200012
05-05-2006,682.200012
08-05-2006,677.799988
09-05-2006,699.400024
10-05-2006,703.700012
11-05-2006,719.799988
12-05-2006,710.299988
15-05-2006,683.599976
16-05-2006,691.5
17-05-2006,690.5
18-05-2006,679.599976
19-05-2006,656.700012
22-05-2006,657
23-05-2006,673
24-05-2006,637
25-05-2006,648.400024
26-05-2006,650.900024
29-05-2006,null
30-05-2006,653.900024
31-05-2006,642.5
01-06-2006,627.599976
02-06-2006,635.5
05-06-2006,643.200012
06-06-2006,629.400024
07-06-2006,627.400024
08-06-2006,609.099976
09-06-2006,608.200012
12-06-2006,606.799988
13-06-2006,562.5
14-06-2006,562.299988
15-06-2006,566.5
16-06-2006,578
19-06-2006,568.799988
20-06-2006,576.900024
21-06-2006,587.5
22-06-2006,582.200012
23-06-2006,584.799988
26-06-2006,584.799988
27-06-2006,581.599976
28-06-2006,578.299988
29-06-2006,586.5
30-06-2006,613.5
03-07-2006,null
04-07-2006,null
05-07-2006,627.299988
06-07-2006,634.099976
07-07-2006,632.799988
10-07-2006,624.099976
11-07-2006,641.200012
12-07-2006,649.400024
13-07-2006,652.900024
14-07-2006,666.599976
17-07-2006,650.599976
18-07-2006,628.299988
19-07-2006,641.599976
20-07-2006,631.700012
21-07-2006,619.599976
24-07-2006,612.700012
25-07-2006,617.599976
26-07-2006,621.599976
27-07-2006,632.400024
28-07-2006,634.799988
31-07-2006,634.200012
01-08-2006,646.299988
02-08-2006,651.599976
03-08-2006,644.900024
04-08-2006,644
07-08-2006,647.799988
08-08-2006,645.700012
09-08-2006,650.5
10-08-2006,634.900024
11-08-2006,633.5
14-08-2006,628.5
15-08-2006,622.5
16-08-2006,628.700012
17-08-2006,615.400024
18-08-2006,612.099976
21-08-2006,625.700012
22-08-2006,624.599976
23-08-2006,623.700012
24-08-2006,619.5
25-08-2006,622
28-08-2006,615.299988
29-08-2006,610.700012
30-08-2006,617.700012
31-08-2006,625.900024
01-09-2006,624.400024
04-09-2006,624.400024
05-09-2006,638.5
06-09-2006,633.5
07-09-2006,617
08-09-2006,609.599976
11-09-2006,590
12-09-2006,586.900024
13-09-2006,589.099976
14-09-2006,579.299988
15-09-2006,576.400024
18-09-2006,586.200012
19-09-2006,576.799988
20-09-2006,580
21-09-2006,582.200012
22-09-2006,589.400024
25-09-2006,589.900024
26-09-2006,591.200012
27-09-2006,597.299988
28-09-2006,605
29-09-2006,598.599976
02-10-2006,597.700012
03-10-2006,576.299988
04-10-2006,562
05-10-2006,571
06-10-2006,572.400024
09-10-2006,578.400024
10-10-2006,571.900024
11-10-2006,572.299988
12-10-2006,576.299988
13-10-2006,588.799988
16-10-2006,594.700012
17-10-2006,589.700012
18-10-2006,588.900024
19-10-2006,599
20-10-2006,593
23-10-2006,579.700012
24-10-2006,584.400024
25-10-2006,587.599976
26-10-2006,596.799988
27-10-2006,598.200012
30-10-2006,604.700012
31-10-2006,604.099976
01-11-2006,616.599976
02-11-2006,625.400024
03-11-2006,626.900024
06-11-2006,625.799988
07-11-2006,625.700012
08-11-2006,616.400024
09-11-2006,635
10-11-2006,628.400024
13-11-2006,624.200012
14-11-2006,623.799988
15-11-2006,622.5
16-11-2006,620.599976
17-11-2006,621.5
20-11-2006,621.200012
21-11-2006,628.200012
22-11-2006,628.700012
23-11-2006,null
24-11-2006,null
27-11-2006,null
28-11-2006,637.200012
29-11-2006,635.5
30-11-2006,646.900024
01-12-2006,644.700012
04-12-2006,645.200012
05-12-2006,642.299988
06-12-2006,630.5
07-12-2006,631.900024
08-12-2006,626.099976
11-12-2006,630
12-12-2006,627
13-12-2006,627.900024
14-12-2006,626.599976
15-12-2006,615
18-12-2006,614
19-12-2006,621.599976
20-12-2006,620.599976
21-12-2006,618.200012
22-12-2006,619.099976
25-12-2006,null
26-12-2006,623.700012
27-12-2006,627.200012
28-12-2006,634.099976
29-12-2006,635.200012
01-01-2007,null
02-01-2007,635.200012
03-01-2007,627.099976
04-01-2007,623.900024
05-01-2007,604.900024
08-01-2007,607.5
09-01-2007,613.099976
10-01-2007,611.599976
11-01-2007,612.400024
12-01-2007,625.5
15-01-2007,null
16-01-2007,624.599976
17-01-2007,632.099976
18-01-2007,627.099976
19-01-2007,635.5
22-01-2007,633.299988
23-01-2007,645.200012
24-01-2007,647.599976
25-01-2007,647.799988
26-01-2007,644.5
29-01-2007,643.099976
30-01-2007,644.200012
31-01-2007,652
01-02-2007,657.400024
02-02-2007,646.200012
05-02-2007,650.900024
06-02-2007,653.599976
07-02-2007,652.299988
08-02-2007,658
09-02-2007,667.5
12-02-2007,662.599976
13-02-2007,663.900024
14-02-2007,667.400024
15-02-2007,667.299988
16-02-2007,668.799988
20-02-2007,657.099976
21-02-2007,680.200012
22-02-2007,679.400024
23-02-2007,683.099976
26-02-2007,686.5
27-02-2007,683.900024
28-02-2007,669.400024
01-03-2007,662.299988
02-03-2007,641.5
05-03-2007,636.700012
06-03-2007,643.799988
07-03-2007,650.599976
08-03-2007,653.400024
09-03-2007,650
12-03-2007,648.400024
13-03-2007,647.599976
14-03-2007,640.900024
15-03-2007,645.700012
16-03-2007,652.599976
19-03-2007,653.099976
20-03-2007,657.900024
21-03-2007,659
22-03-2007,663.400024
23-03-2007,656.700012
26-03-2007,663.400024
27-03-2007,662.099976
28-03-2007,666.5
29-03-2007,661.5
30-03-2007,663
02-04-2007,665.700012
03-04-2007,664
04-04-2007,672.099976
05-04-2007,674.200012
09-04-2007,671.900024
10-04-2007,676.5
11-04-2007,676.799988
12-04-2007,675.099976
13-04-2007,685.400024
16-04-2007,690.099976
17-04-2007,688.200012
18-04-2007,689.099976
19-04-2007,684.299988
20-04-2007,692
23-04-2007,690.599976
24-04-2007,684.200012
25-04-2007,684.099976
26-04-2007,674.900024
27-04-2007,678.700012
30-04-2007,680.5
01-05-2007,674.400024
02-05-2007,672.299988
03-05-2007,681.799988
04-05-2007,687.200012
07-05-2007,688
08-05-2007,685.099976
09-05-2007,680.299988
10-05-2007,665.099976
11-05-2007,670.599976
14-05-2007,668.5
15-05-2007,673
16-05-2007,660.200012
17-05-2007,656.200012
18-05-2007,661
21-05-2007,662.900024
22-05-2007,659.099976
23-05-2007,661.900024
24-05-2007,653
25-05-2007,655.099976
29-05-2007,657.099976
30-05-2007,653.099976
31-05-2007,661
01-06-2007,671.200012
04-06-2007,670.700012
05-06-2007,669.599976
06-06-2007,669.299988
07-06-2007,660.099976
08-06-2007,645.5
11-06-2007,654.299988
12-06-2007,648.5
13-06-2007,648.200012
14-06-2007,651.599976
15-06-2007,654.5
18-06-2007,655.799988
19-06-2007,660.700012
20-06-2007,656.099976
21-06-2007,650.599976
22-06-2007,653.5
25-06-2007,651.299988
26-06-2007,642.099976
27-06-2007,641.700012
28-06-2007,647.5
29-06-2007,648.099976
02-07-2007,656.5
03-07-2007,null
05-07-2007,648.400024
06-07-2007,652.700012
09-07-2007,660.5
10-07-2007,662.5
11-07-2007,660.299988
12-07-2007,666.700012
13-07-2007,665.799988
16-07-2007,665
17-07-2007,664.700012
18-07-2007,672.599976
19-07-2007,677.200012
20-07-2007,683.900024
23-07-2007,680.799988
24-07-2007,684.200012
25-07-2007,673.299988
26-07-2007,662.5
27-07-2007,660
30-07-2007,664.099976
31-07-2007,666.900024
01-08-2007,663.599976
02-08-2007,664.599976
03-08-2007,672.5
06-08-2007,671.5
07-08-2007,670.599976
08-08-2007,674.5
09-08-2007,661.400024
10-08-2007,670.299988
13-08-2007,669.700012
14-08-2007,668.599976
15-08-2007,668.900024
16-08-2007,648.299988
17-08-2007,656.900024
20-08-2007,656.700012
21-08-2007,656.700012
22-08-2007,659.099976
23-08-2007,658.900024
24-08-2007,668
27-08-2007,666.799988
28-08-2007,664.400024
29-08-2007,666.299988
30-08-2007,665
31-08-2007,673
04-09-2007,682.5
05-09-2007,681.700012
06-09-2007,695.599976
07-09-2007,700.799988
10-09-2007,703.299988
11-09-2007,712.200012
12-09-2007,711.900024
13-09-2007,709.5
14-09-2007,709.599976
17-09-2007,715.799988
18-09-2007,715.799988
19-09-2007,722
20-09-2007,732.400024
21-09-2007,731.400024
24-09-2007,732.099976
25-09-2007,731.599976
26-09-2007,728.299988
27-09-2007,732.700012
28-09-2007,742.799988
01-10-2007,747.200012
02-10-2007,729.799988
03-10-2007,729.299988
04-10-2007,737.799988
05-10-2007,741.299988
08-10-2007,732.799988
09-10-2007,737.400024
10-10-2007,740.400024
11-10-2007,751.299988
12-10-2007,748.700012
15-10-2007,757.099976
16-10-2007,757
17-10-2007,757.5
18-10-2007,764.099976
19-10-2007,764
22-10-2007,755.799988
23-10-2007,759
24-10-2007,761.599976
25-10-2007,767.299988
26-10-2007,783.900024
29-10-2007,789.099976
30-10-2007,784.299988
31-10-2007,792
01-11-2007,790.700012
02-11-2007,805.700012
05-11-2007,808.099976
06-11-2007,820.799988
07-11-2007,831
08-11-2007,835.200012
09-11-2007,832.5
12-11-2007,805.799988
13-11-2007,797.200012
14-11-2007,813
15-11-2007,785.900024
16-11-2007,785.700012
19-11-2007,776.799988
20-11-2007,790.299988
21-11-2007,797.599976
23-11-2007,null
26-11-2007,826
27-11-2007,813.700012
28-11-2007,800.099976
29-11-2007,795.299988
30-11-2007,782.200012
03-12-2007,788.299988
04-12-2007,801.299988
05-12-2007,797.5
06-12-2007,801.200012
07-12-2007,794.400024
10-12-2007,807.700012
11-12-2007,811.400024
12-12-2007,813.5
13-12-2007,799
14-12-2007,793.299988
17-12-2007,794.799988
18-12-2007,803
19-12-2007,801.099976
20-12-2007,799.200012
21-12-2007,811.599976
24-12-2007,null
26-12-2007,826
27-12-2007,828.599976
28-12-2007,839.599976
31-12-2007,834.900024
02-01-2008,857
03-01-2008,866.400024
04-01-2008,863.099976
07-01-2008,859.599976
08-01-2008,878
09-01-2008,879.5
10-01-2008,891.700012
11-01-2008,896.099976
14-01-2008,901.599976
15-01-2008,901
16-01-2008,880.599976
17-01-2008,879.5
18-01-2008,880.799988
22-01-2008,889.599976
23-01-2008,882.5
24-01-2008,905.5
25-01-2008,910.5
28-01-2008,927.099976
29-01-2008,925.099976
30-01-2008,920.599976
31-01-2008,922.700012
01-02-2008,908.700012
04-02-2008,904.900024
05-02-2008,885.900024
06-02-2008,900.700012
07-02-2008,906.099976
08-02-2008,918.400024
11-02-2008,922.900024
12-02-2008,907.400024
13-02-2008,906.5
14-02-2008,907.400024
15-02-2008,902.799988
19-02-2008,926.599976
20-02-2008,934.599976
21-02-2008,946.099976
22-02-2008,944.700012
25-02-2008,937.599976
26-02-2008,946.099976
27-02-2008,958.200012
28-02-2008,964.5
29-02-2008,972.099976
03-03-2008,981.5
04-03-2008,963.900024
05-03-2008,986.200012
06-03-2008,975
07-03-2008,972.200012
10-03-2008,969.900024
11-03-2008,974.200012
12-03-2008,978.799988
13-03-2008,992.299988
14-03-2008,998.200012
17-03-2008,1001.400024
18-03-2008,1003.200012
19-03-2008,944.700012
20-03-2008,919.599976
24-03-2008,918.299988
25-03-2008,934.599976
26-03-2008,949
27-03-2008,948.799988
28-03-2008,930.599976
31-03-2008,916.200012
01-04-2008,882.900024
02-04-2008,895.200012
03-04-2008,905
04-04-2008,909
07-04-2008,922.700012
08-04-2008,914
09-04-2008,933.599976
10-04-2008,928.299988
11-04-2008,923.599976
14-04-2008,925.400024
15-04-2008,928.700012
16-04-2008,945.099976
17-04-2008,939.799988
18-04-2008,912.200012
21-04-2008,914.700012
22-04-2008,922.299988
23-04-2008,906.200012
24-04-2008,886.799988
25-04-2008,887.200012
28-04-2008,892.900024
29-04-2008,874.200012
30-04-2008,862.799988
01-05-2008,848.900024
02-05-2008,856.099976
05-05-2008,872.299988
06-05-2008,876
07-05-2008,869.599976
08-05-2008,880.599976
09-05-2008,884.5
12-05-2008,883.700012
13-05-2008,868.5
14-05-2008,865.400024
15-05-2008,879
16-05-2008,899
19-05-2008,905
20-05-2008,919.5
21-05-2008,928
22-05-2008,917.900024
23-05-2008,925.599976
27-05-2008,907.700012
28-05-2008,900.5
29-05-2008,877.200012
30-05-2008,887.299988
02-06-2008,892.900024
03-06-2008,881.599976
04-06-2008,879.900024
05-06-2008,871.799988
06-06-2008,895.400024
09-06-2008,894.700012
10-06-2008,867.900024
11-06-2008,879.700012
12-06-2008,869.200012
13-06-2008,870.299988
16-06-2008,883.599976
17-06-2008,884.299988
18-06-2008,890.900024
19-06-2008,901.700012
20-06-2008,901.299988
23-06-2008,884.799988
24-06-2008,889.200012
25-06-2008,880
26-06-2008,913.099976
27-06-2008,929.299988
30-06-2008,926.200012
01-07-2008,942.5
02-07-2008,944.799988
03-07-2008,null
07-07-2008,927.299988
08-07-2008,921.900024
09-07-2008,927.299988
10-07-2008,940.900024
11-07-2008,959.5
14-07-2008,972.700012
15-07-2008,977.700012
16-07-2008,961.799988
17-07-2008,970
18-07-2008,957.299988
21-07-2008,963.099976
22-07-2008,948
23-07-2008,922.400024
24-07-2008,922
25-07-2008,926.599976
28-07-2008,927.599976
29-07-2008,916.400024
30-07-2008,902.900024
31-07-2008,913.900024
01-08-2008,909
04-08-2008,900.099976
05-08-2008,878.599976
06-08-2008,875.599976
07-08-2008,870.700012
08-08-2008,857.799988
11-08-2008,821.5
12-08-2008,808.200012
13-08-2008,825
14-08-2008,808.200012
15-08-2008,786
18-08-2008,799.700012
19-08-2008,811.099976
20-08-2008,810.299988
21-08-2008,833
22-08-2008,827.400024
25-08-2008,819.799988
26-08-2008,822.200012
27-08-2008,828.099976
28-08-2008,830.900024
29-08-2008,829.299988
02-09-2008,805
03-09-2008,802.700012
04-09-2008,797.900024
05-09-2008,797.599976
08-09-2008,797.5
09-09-2008,787.099976
10-09-2008,757.900024
11-09-2008,741.299988
12-09-2008,760.299988
15-09-2008,783.099976
16-09-2008,776.5
17-09-2008,846.599976
18-09-2008,892.700012
19-09-2008,860.599976
22-09-2008,903.900024
23-09-2008,885.5
24-09-2008,889
25-09-2008,877.700012
26-09-2008,882.900024
29-09-2008,888.200012
30-09-2008,874.200012
01-10-2008,880.700012
02-10-2008,839
03-10-2008,828.900024
06-10-2008,862.700012
07-10-2008,878.400024
08-10-2008,903.099976
09-10-2008,883.099976
10-10-2008,855.400024
13-10-2008,838.900024
14-10-2008,836.299988
15-10-2008,835.5
16-10-2008,801.5
17-10-2008,785.099976
20-10-2008,787.599976
21-10-2008,766.099976
22-10-2008,733.299988
23-10-2008,713.299988
24-10-2008,729.099976
27-10-2008,741.700012
28-10-2008,739.299988
29-10-2008,752.799988
30-10-2008,737.200012
31-10-2008,716.799988
03-11-2008,725.400024
04-11-2008,756
05-11-2008,741.299988
06-11-2008,731.200012
07-11-2008,733.200012
10-11-2008,745.599976
11-11-2008,732
12-11-2008,717.700012
13-11-2008,704.900024
14-11-2008,742.400024
17-11-2008,741.900024
18-11-2008,732.599976
19-11-2008,735.900024
20-11-2008,748.599976
21-11-2008,791.700012
24-11-2008,819.400024
25-11-2008,818.400024
26-11-2008,808.5
28-11-2008,null
01-12-2008,774.599976
02-12-2008,781.299988
03-12-2008,768.799988
04-12-2008,763.799988
05-12-2008,750.5
08-12-2008,767.400024
09-12-2008,772.400024
10-12-2008,807.099976
11-12-2008,824.900024
12-12-2008,818.900024
15-12-2008,835.400024
16-12-2008,841.700012
17-12-2008,867.5
18-12-2008,859.599976
19-12-2008,836.400024
22-12-2008,846.200012
23-12-2008,837.200012
24-12-2008,null
26-12-2008,870.400024
29-12-2008,874.599976
30-12-2008,869.299988
31-12-2008,null
02-01-2009,878.799988
05-01-2009,857.200012
06-01-2009,865.400024
07-01-2009,841.099976
08-01-2009,853.900024
09-01-2009,854.299988
12-01-2009,820.299988
13-01-2009,820.099976
14-01-2009,808.200012
15-01-2009,806.700012
16-01-2009,839.299988
20-01-2009,854.599976
21-01-2009,849.599976
22-01-2009,858.200012
23-01-2009,895.299988
26-01-2009,908.5
27-01-2009,899.200012
28-01-2009,888.099976
29-01-2009,905.099976
30-01-2009,927.299988
02-02-2009,906.700012
03-02-2009,892
04-02-2009,901.599976
05-02-2009,913.599976
06-02-2009,913.900024
09-02-2009,892.400024
10-02-2009,913.700012
11-02-2009,943.799988
12-02-2009,948.5
13-02-2009,941.5
17-02-2009,967
18-02-2009,977.700012
19-02-2009,976.099976
20-02-2009,1001.799988
23-02-2009,994.599976
24-02-2009,969.099976
25-02-2009,965.700012
26-02-2009,941.799988
27-02-2009,941.5
02-03-2009,939
03-03-2009,912.900024
04-03-2009,906
05-03-2009,927
06-03-2009,942.099976
09-03-2009,917.700012
10-03-2009,895.599976
11-03-2009,910.400024
12-03-2009,923.700012
13-03-2009,929.799988
16-03-2009,921.599976
17-03-2009,916.400024
18-03-2009,888.700012
19-03-2009,958.299988
20-03-2009,955.799988
23-03-2009,952.099976
24-03-2009,923.299988
25-03-2009,935.400024
26-03-2009,939.599976
27-03-2009,923
30-03-2009,915.5
31-03-2009,922.599976
01-04-2009,926.099976
02-04-2009,907.400024
03-04-2009,895.599976
06-04-2009,871.5
07-04-2009,882.200012
08-04-2009,884.799988
09-04-2009,882.200012
13-04-2009,894.700012
14-04-2009,890.900024
15-04-2009,892.799988
16-04-2009,879.299988
17-04-2009,867.400024
20-04-2009,887
21-04-2009,882.099976
22-04-2009,891.799988
23-04-2009,905.900024
24-04-2009,913.599976
27-04-2009,907.400024
28-04-2009,892.799988
29-04-2009,899.799988
30-04-2009,890.700012
01-05-2009,887.599976
04-05-2009,901.599976
05-05-2009,903.700012
06-05-2009,910.5
07-05-2009,915
08-05-2009,914.400024
11-05-2009,913
12-05-2009,923.5
13-05-2009,925.5
14-05-2009,928
15-05-2009,930.900024
18-05-2009,921.299988
19-05-2009,926.299988
20-05-2009,937
21-05-2009,950.799988
22-05-2009,958.5
26-05-2009,953.099976
27-05-2009,953.200012
28-05-2009,961.5
29-05-2009,978.799988
01-06-2009,978.599976
02-06-2009,983.200012
03-06-2009,964.5
04-06-2009,981.200012
05-06-2009,961.700012
08-06-2009,951.700012
09-06-2009,954
10-06-2009,954
11-06-2009,961.299988
12-06-2009,940.099976
15-06-2009,926.900024
16-06-2009,931.599976
17-06-2009,935.400024
18-06-2009,934
19-06-2009,935.599976
22-06-2009,920.599976
23-06-2009,923.900024
24-06-2009,934.099976
25-06-2009,939.099976
26-06-2009,940.700012
29-06-2009,940.400024
30-06-2009,927.099976
01-07-2009,941
02-07-2009,930.700012
06-07-2009,924
07-07-2009,928.799988
08-07-2009,909
09-07-2009,915.900024
10-07-2009,912.200012
13-07-2009,922.200012
14-07-2009,922.5
15-07-2009,939.099976
16-07-2009,935.099976
17-07-2009,937.200012
20-07-2009,948.5
21-07-2009,946.599976
22-07-2009,953
23-07-2009,954.5
24-07-2009,952.799988
27-07-2009,953.299988
28-07-2009,939
29-07-2009,927.200012
30-07-2009,934.900024
31-07-2009,953.700012
03-08-2009,956.599976
04-08-2009,967.5
05-08-2009,964.200012
06-08-2009,960.700012
07-08-2009,957.299988
10-08-2009,945
11-08-2009,945.799988
12-08-2009,950.700012
13-08-2009,954.700012
14-08-2009,947
17-08-2009,934.299988
18-08-2009,937.700012
19-08-2009,943.299988
20-08-2009,940.299988
21-08-2009,953.200012
24-08-2009,942.299988
25-08-2009,944.5
26-08-2009,944.299988
27-08-2009,945.5
28-08-2009,957
31-08-2009,951.700012
01-09-2009,954.700012
02-09-2009,976.599976
03-09-2009,995.799988
04-09-2009,994.900024
08-09-2009,997.900024
09-09-2009,995.299988
10-09-2009,995.400024
11-09-2009,1004.900024
14-09-2009,999.900024
15-09-2009,1005
16-09-2009,1018.900024
17-09-2009,1012.299988
18-09-2009,1009.200012
21-09-2009,1003.700012
22-09-2009,1014.200012
23-09-2009,1013
24-09-2009,997.5
25-09-2009,990.200012
28-09-2009,992.5
29-09-2009,993.099976
30-09-2009,1008
01-10-2009,999.5
02-10-2009,1003.200012
05-10-2009,1016.700012
06-10-2009,1038.599976
07-10-2009,1043.300049
08-10-2009,1055.400024
09-10-2009,1047.800049
12-10-2009,1056.699951
13-10-2009,1064.199951
14-10-2009,1063.900024
15-10-2009,1049.800049
16-10-2009,1050.699951
19-10-2009,1057.300049
20-10-2009,1057.800049
21-10-2009,1063.699951
22-10-2009,1057.800049
23-10-2009,1055.599976
26-10-2009,1042.099976
27-10-2009,1034.699951
28-10-2009,1029.900024
29-10-2009,1046.400024
30-10-2009,1039.699951
02-11-2009,1053.400024
03-11-2009,1084.300049
04-11-2009,1086.699951
05-11-2009,1088.699951
06-11-2009,1095.099976
09-11-2009,1100.800049
10-11-2009,1101.900024
11-11-2009,1114
12-11-2009,1106
13-11-2009,1116.099976
16-11-2009,1138.599976
17-11-2009,1138.800049
18-11-2009,1140.699951
19-11-2009,1141.400024
20-11-2009,1146.400024
23-11-2009,1164.300049
24-11-2009,1165.5
25-11-2009,1186.900024
27-11-2009,null
30-11-2009,1181.099976
01-12-2009,1199.099976
02-12-2009,1212
03-12-2009,1217.400024
04-12-2009,1168.800049
07-12-2009,1163.400024
08-12-2009,1142.800049
09-12-2009,1120.400024
10-12-2009,1125.699951
11-12-2009,1119.400024
14-12-2009,1123.300049
15-12-2009,1122.400024
16-12-2009,1135.5
17-12-2009,1106.800049
18-12-2009,1110.800049
21-12-2009,1095.400024
22-12-2009,1086
23-12-2009,1093.300049
24-12-2009,null
28-12-2009,1107.199951
29-12-2009,1097
30-12-2009,1091.5
31-12-2009,1095.199951
04-01-2010,1117.699951
05-01-2010,1118.099976
06-01-2010,1135.900024
07-01-2010,1133.099976
08-01-2010,1138.199951
11-01-2010,1150.699951
12-01-2010,1128.900024
13-01-2010,1136.400024
14-01-2010,1142.599976
15-01-2010,1130.099976
19-01-2010,1139.699951
20-01-2010,1112.300049
21-01-2010,1102.699951
22-01-2010,1089.199951
25-01-2010,1095.199951
26-01-2010,1097.900024
27-01-2010,1084.400024
28-01-2010,1083.599976
29-01-2010,1083
01-02-2010,1104.300049
02-02-2010,1117.400024
03-02-2010,1111.400024
04-02-2010,1062.400024
05-02-2010,1052.199951
08-02-2010,1065.699951
09-02-2010,1076.699951
10-02-2010,1075.800049
11-02-2010,1094.199951
12-02-2010,1089.5
16-02-2010,1119.300049
17-02-2010,1119.5
18-02-2010,1118
19-02-2010,1121.300049
22-02-2010,1112.599976
23-02-2010,1102.699951
24-02-2010,1096.5
25-02-2010,1107.800049
26-02-2010,1118.300049
01-03-2010,1117.800049
02-03-2010,1136.900024
03-03-2010,1142.699951
04-03-2010,1132.599976
05-03-2010,1134.800049
08-03-2010,1123.599976
09-03-2010,1122
10-03-2010,1107.800049
11-03-2010,1108
12-03-2010,1101.5
15-03-2010,1105.099976
16-03-2010,1122.199951
17-03-2010,1124
18-03-2010,1127.400024
19-03-2010,1107.400024
22-03-2010,1099.300049
23-03-2010,1103.5
24-03-2010,1088.599976
25-03-2010,1092.699951
26-03-2010,1104.199951
29-03-2010,1110.300049
30-03-2010,1104.5
31-03-2010,1113.300049
01-04-2010,1125.099976
05-04-2010,1132.900024
06-04-2010,1135.099976
07-04-2010,1152.300049
08-04-2010,1152.199951
09-04-2010,1161.099976
12-04-2010,1161.599976
13-04-2010,1152.800049
14-04-2010,1159
15-04-2010,1159.699951
16-04-2010,1136.300049
19-04-2010,1135.199951
20-04-2010,1138.599976
21-04-2010,1148.199951
22-04-2010,1142.300049
23-04-2010,1153.099976
26-04-2010,1153.5
27-04-2010,1161.699951
28-04-2010,1171.300049
29-04-2010,1168.400024
30-04-2010,1180.099976
03-05-2010,1182.699951
04-05-2010,1168.599976
05-05-2010,1174.599976
06-05-2010,1196.900024
07-05-2010,1210
10-05-2010,1200.400024
11-05-2010,1219.900024
12-05-2010,1242.699951
13-05-2010,1228.800049
14-05-2010,1227.400024
17-05-2010,1227.699951
18-05-2010,1214.300049
19-05-2010,1192.599976
20-05-2010,1187.800049
21-05-2010,1175.699951
24-05-2010,1193.800049
25-05-2010,1197.800049
26-05-2010,1213.300049
27-05-2010,1211.900024
28-05-2010,1212.199951
01-06-2010,1224.800049
02-06-2010,1220.599976
03-06-2010,1208.300049
04-06-2010,1216.199951
07-06-2010,1239.300049
08-06-2010,1244
09-06-2010,1228.5
10-06-2010,1220.800049
11-06-2010,1228.900024
14-06-2010,1223.300049
15-06-2010,1233.199951
16-06-2010,1229.300049
17-06-2010,1247.5
18-06-2010,1257.199951
21-06-2010,1239.699951
22-06-2010,1239.900024
23-06-2010,1234.099976
24-06-2010,1245.5
25-06-2010,1255.800049
28-06-2010,1238.199951
29-06-2010,1242
30-06-2010,1245.5
01-07-2010,1206.300049
02-07-2010,1207.400024
06-07-2010,1194.800049
07-07-2010,1198.599976
08-07-2010,1195.800049
09-07-2010,1209.599976
12-07-2010,1198.5
13-07-2010,1213.300049
14-07-2010,1206.800049
15-07-2010,1208.099976
16-07-2010,1188
19-07-2010,1181.699951
20-07-2010,1191.5
21-07-2010,1191.599976
22-07-2010,1195.5
23-07-2010,1187.699951
26-07-2010,1183
27-07-2010,1158
28-07-2010,1160.400024
29-07-2010,1168.400024
30-07-2010,1181.699951
02-08-2010,1183.400024
03-08-2010,1185.199951
04-08-2010,1193.699951
05-08-2010,1197.199951
06-08-2010,1203.400024
09-08-2010,1200.699951
10-08-2010,1196.199951
11-08-2010,1197.5
12-08-2010,1214.800049
13-08-2010,1214.900024
16-08-2010,1224.5
17-08-2010,1226.599976
18-08-2010,1229.699951
19-08-2010,1233.800049
20-08-2010,1227.199951
23-08-2010,1226.900024
24-08-2010,1231.800049
25-08-2010,1239.5
26-08-2010,1235.400024
27-08-2010,1236
30-08-2010,1237.099976
31-08-2010,1248.300049
01-09-2010,1246.300049
02-09-2010,1251.5
03-09-2010,1249.199951
07-09-2010,1257.300049
08-09-2010,1255.599976
09-09-2010,1248.900024
10-09-2010,1244.5
13-09-2010,1245.099976
14-09-2010,1269.699951
15-09-2010,1266.699951
16-09-2010,1271.900024
17-09-2010,1275.599976
20-09-2010,1279
21-09-2010,1272.400024
22-09-2010,1290.199951
23-09-2010,1294.300049
24-09-2010,1296
27-09-2010,1296.699951
28-09-2010,1306.599976
29-09-2010,1308.5
30-09-2010,1307.800049
01-10-2010,1316.099976
04-10-2010,1315.400024
05-10-2010,1338.900024
06-10-2010,1346.400024
07-10-2010,1333.900024
08-10-2010,1344.199951
11-10-2010,1353.300049
12-10-2010,1345.699951
13-10-2010,1369.5
14-10-2010,1376.699951
15-10-2010,1371.099976
18-10-2010,1371.199951
19-10-2010,1335.099976
20-10-2010,1343.300049
21-10-2010,1324.699951
22-10-2010,1324.400024
25-10-2010,1338.300049
26-10-2010,1338
27-10-2010,1322.199951
28-10-2010,1342.099976
29-10-2010,1357.099976
01-11-2010,1350.199951
02-11-2010,1356.400024
03-11-2010,1337.099976
04-11-2010,1382.699951
05-11-2010,1397.300049
08-11-2010,1402.800049
09-11-2010,1409.800049
10-11-2010,1399.099976
11-11-2010,1403.099976
12-11-2010,1365.400024
15-11-2010,1368.400024
16-11-2010,1338.300049
17-11-2010,1336.800049
18-11-2010,1352.900024
19-11-2010,1352.199951
22-11-2010,1357.699951
23-11-2010,1377.5
24-11-2010,1372.900024
26-11-2010,null
29-11-2010,1366
30-11-2010,1385
01-12-2010,1387.300049
02-12-2010,1388.5
03-12-2010,1405.400024
06-12-2010,1415.300049
07-12-2010,1408.300049
08-12-2010,1382.5
09-12-2010,1392.099976
10-12-2010,1384.300049
13-12-2010,1397.300049
14-12-2010,1403.599976
15-12-2010,1385.5
16-12-2010,1370.400024
17-12-2010,1378.599976
20-12-2010,1385.5
21-12-2010,1388.199951
22-12-2010,1386.800049
23-12-2010,1380
27-12-2010,1382.400024
28-12-2010,1405.199951
29-12-2010,1413.099976
30-12-2010,1405.599976
31-12-2010,1421.099976
03-01-2011,1422.599976
04-01-2011,1378.5
05-01-2011,1373.400024
06-01-2011,1371.400024
07-01-2011,1368.5
10-01-2011,1373.699951
11-01-2011,1384
12-01-2011,1385.699951
13-01-2011,1386.900024
14-01-2011,1360.400024
18-01-2011,1368.099976
19-01-2011,1370.199951
20-01-2011,1346.5
21-01-2011,1341
24-01-2011,1344.5
25-01-2011,1332.300049
26-01-2011,1333
27-01-2011,1318.400024
28-01-2011,1340.699951
31-01-2011,1333.800049
01-02-2011,1339.599976
02-02-2011,1331.5
03-02-2011,1352.300049
04-02-2011,1348.300049
07-02-2011,1347.599976
08-02-2011,1363.400024
09-02-2011,1364.800049
10-02-2011,1361.900024
11-02-2011,1359.900024
14-02-2011,1364.599976
15-02-2011,1373.599976
16-02-2011,1374.699951
17-02-2011,1384.699951
18-02-2011,1388.199951
22-02-2011,1400.5
23-02-2011,1413.400024
24-02-2011,1415.300049
25-02-2011,1408.699951
28-02-2011,1409.300049
01-03-2011,1430.699951
02-03-2011,1437.199951
03-03-2011,1416
04-03-2011,1428.199951
07-03-2011,1434.099976
08-03-2011,1426.900024
09-03-2011,1429.300049
10-03-2011,1412.199951
11-03-2011,1421.5
14-03-2011,1424.599976
15-03-2011,1392.599976
16-03-2011,1396
17-03-2011,1404
18-03-2011,1415.900024
21-03-2011,1426.199951
22-03-2011,1427.5
23-03-2011,1437.900024
24-03-2011,1434.800049
25-03-2011,1426.099976
28-03-2011,1419.800049
29-03-2011,1416
30-03-2011,1423.800049
31-03-2011,1438.900024
01-04-2011,1428.099976
04-04-2011,1432.199951
05-04-2011,1451.800049
06-04-2011,1457.699951
07-04-2011,1458.5
08-04-2011,1473.400024
11-04-2011,1467.400024
12-04-2011,1452.900024
13-04-2011,1454.900024
14-04-2011,1471.699951
15-04-2011,1485.300049
18-04-2011,1492.300049
19-04-2011,1494.5
20-04-2011,1498.300049
21-04-2011,1503.199951
25-04-2011,1508.599976
26-04-2011,1503
27-04-2011,1516.699951
28-04-2011,1530.800049
29-04-2011,1556
02-05-2011,1556.699951
03-05-2011,1540.099976
04-05-2011,1514.900024
05-05-2011,1480.900024
06-05-2011,1491.199951
09-05-2011,1502.900024
10-05-2011,1516.599976
11-05-2011,1501.099976
12-05-2011,1506.599976
13-05-2011,1493.400024
16-05-2011,1490.400024
17-05-2011,1479.800049
18-05-2011,1495.599976
19-05-2011,1492.199951
20-05-2011,1508.800049
23-05-2011,1515.300049
24-05-2011,1523.199951
25-05-2011,1526.599976
26-05-2011,1522.800049
27-05-2011,1536.300049
31-05-2011,1535.900024
01-06-2011,1542.400024
02-06-2011,1532
03-06-2011,1541.699951
06-06-2011,1546.5
07-06-2011,1543.300049
08-06-2011,1538.099976
09-06-2011,1542.099976
10-06-2011,1528.599976
13-06-2011,1515
14-06-2011,1523.800049
15-06-2011,1525.599976
16-06-2011,1529.300049
17-06-2011,1538.599976
20-06-2011,1541.5
21-06-2011,1546
22-06-2011,1552.900024
23-06-2011,1520.099976
24-06-2011,1500.5
27-06-2011,1496
28-06-2011,1499.699951
29-06-2011,1509.900024
30-06-2011,1502.300049
01-07-2011,1482.300049
05-07-2011,1512.300049
06-07-2011,1528.699951
07-07-2011,1530.199951
08-07-2011,1541.199951
11-07-2011,1548.800049
12-07-2011,1561.900024
13-07-2011,1585.199951
14-07-2011,1589
15-07-2011,1589.800049
18-07-2011,1602.099976
19-07-2011,1600.900024
20-07-2011,1596.699951
21-07-2011,1586.800049
22-07-2011,1601.300049
25-07-2011,1612
26-07-2011,1616.599976
27-07-2011,1615
28-07-2011,1613.400024
29-07-2011,1628.300049
01-08-2011,1619
02-08-2011,1641.900024
03-08-2011,1663.400024
04-08-2011,1656.199951
05-08-2011,1648.800049
08-08-2011,1710.199951
09-08-2011,1740
10-08-2011,1781.300049
11-08-2011,1748.800049
12-08-2011,1740.199951
15-08-2011,1755.5
16-08-2011,1782.400024
17-08-2011,1791.199951
18-08-2011,1818.900024
19-08-2011,1848.900024
22-08-2011,1888.699951
23-08-2011,1858.300049
24-08-2011,1754.099976
25-08-2011,1759.800049
26-08-2011,1794.099976
29-08-2011,1788.400024
30-08-2011,1826.699951
31-08-2011,1828.5
01-09-2011,1826
02-09-2011,1873.699951
06-09-2011,1869.900024
07-09-2011,1814.199951
08-09-2011,1854.400024
09-09-2011,1856.400024
12-09-2011,1809.900024
13-09-2011,1826.800049
14-09-2011,1823.5
15-09-2011,1778.5
16-09-2011,1812.099976
19-09-2011,1776.400024
20-09-2011,1806.599976
21-09-2011,1805.5
22-09-2011,1739.199951
23-09-2011,1637.5
26-09-2011,1592.5
27-09-2011,1650.599976
28-09-2011,1616.300049
29-09-2011,1615.5
30-09-2011,1620.400024
03-10-2011,1656
04-10-2011,1614.699951
05-10-2011,1640.300049
06-10-2011,1651.900024
07-10-2011,1634.5
10-10-2011,1669.599976
11-10-2011,1659.699951
12-10-2011,1681.300049
13-10-2011,1667.300049
14-10-2011,1681.800049
17-10-2011,1675.5
18-10-2011,1651.699951
19-10-2011,1646
20-10-2011,1611.900024
21-10-2011,1635.099976
24-10-2011,1651.5
25-10-2011,1699.599976
26-10-2011,1722.699951
27-10-2011,1746.699951
28-10-2011,1746.199951
31-10-2011,1724.199951
01-11-2011,1711
02-11-2011,1728.699951
03-11-2011,1764.199951
04-11-2011,1755.300049
07-11-2011,1790.300049
08-11-2011,1798.400024
09-11-2011,1790.900024
10-11-2011,1758.900024
11-11-2011,1787.5
14-11-2011,1777.800049
15-11-2011,1781.699951
16-11-2011,1773.800049
17-11-2011,1719.800049
18-11-2011,1724.699951
21-11-2011,1678.300049
22-11-2011,1702.199951
23-11-2011,1695.699951
25-11-2011,null
28-11-2011,1710.800049
29-11-2011,1713.400024
30-11-2011,1745.5
01-12-2011,1735.300049
02-12-2011,1747
05-12-2011,1730.699951
06-12-2011,1727.900024
07-12-2011,1740.900024
08-12-2011,1709.800049
09-12-2011,1712.800049
12-12-2011,1664.199951
13-12-2011,1659.900024
14-12-2011,1584.300049
15-12-2011,1574.599976
16-12-2011,1595.599976
19-12-2011,1594.400024
20-12-2011,1615.599976
21-12-2011,1611.900024
22-12-2011,1608.900024
23-12-2011,1604.699951
27-12-2011,1594.199951
28-12-2011,1562.900024
29-12-2011,1539.900024
30-12-2011,1565.800049
03-01-2012,1599.699951
04-01-2012,1611.900024
05-01-2012,1619.400024
06-01-2012,1616.099976
09-01-2012,1607.5
10-01-2012,1631
11-01-2012,1639.199951
12-01-2012,1647.300049
13-01-2012,1630.400024
17-01-2012,1655.199951
18-01-2012,1659.5
19-01-2012,1654.099976
20-01-2012,1663.699951
23-01-2012,1678
24-01-2012,1664.199951
25-01-2012,1699.800049
26-01-2012,1726.300049
27-01-2012,1731.800049
30-01-2012,1731
31-01-2012,1737.800049
01-02-2012,1747.099976
02-02-2012,1756.800049
03-02-2012,1737.900024
06-02-2012,1722.800049
07-02-2012,1746.400024
08-02-2012,1729.300049
09-02-2012,1739
10-02-2012,1723.300049
13-02-2012,1723
14-02-2012,1715.900024
15-02-2012,1726.300049
16-02-2012,1726.800049
17-02-2012,1724.5
21-02-2012,1757.099976
22-02-2012,1770
23-02-2012,1784.900024
24-02-2012,1775.099976
27-02-2012,1773.599976
28-02-2012,1787
29-02-2012,1709.900024
01-03-2012,1721.099976
02-03-2012,1708.800049
05-03-2012,1703
06-03-2012,1671.400024
07-03-2012,1683.300049
08-03-2012,1698.099976
09-03-2012,1710.900024
12-03-2012,1699.199951
13-03-2012,1693.699951
14-03-2012,1642.5
15-03-2012,1659.099976
16-03-2012,1655.5
19-03-2012,1666.900024
20-03-2012,1646.699951
21-03-2012,1650
22-03-2012,1642.300049
23-03-2012,1662.300049
26-03-2012,1685.5
27-03-2012,1684.800049
28-03-2012,1657.900024
29-03-2012,1652.199951
30-03-2012,1669.300049
02-04-2012,1677.5
03-04-2012,1670
04-04-2012,1612.300049
05-04-2012,1628.5
09-04-2012,1642.5
10-04-2012,1659.5
11-04-2012,1659
12-04-2012,1679.5
13-04-2012,1659.099976
16-04-2012,1648.699951
17-04-2012,1650.300049
18-04-2012,1638.800049
19-04-2012,1640.599976
20-04-2012,1642.099976
23-04-2012,1631.900024
24-04-2012,1643
25-04-2012,1641.400024
26-04-2012,1659.599976
27-04-2012,1664
30-04-2012,1663.400024
01-05-2012,1661.699951
02-05-2012,1653.400024
03-05-2012,1634.199951
04-05-2012,1644.699951
07-05-2012,1638.599976
08-05-2012,1604
09-05-2012,1593.699951
10-05-2012,1595.099976
11-05-2012,1583.599976
14-05-2012,1560.599976
15-05-2012,1556.800049
16-05-2012,1536.199951
17-05-2012,1574.5
18-05-2012,1591.599976
21-05-2012,1588.400024
22-05-2012,1576.300049
23-05-2012,1548.099976
24-05-2012,1557.300049
25-05-2012,1568.800049
29-05-2012,1548.599976
30-05-2012,1563.400024
31-05-2012,1562.599976
01-06-2012,1620.5
04-06-2012,1612.199951
05-06-2012,1615.199951
06-06-2012,1632.800049
07-06-2012,1586.599976
08-06-2012,1590.099976
11-06-2012,1595.5
12-06-2012,1612.699951
13-06-2012,1618.099976
14-06-2012,1618.400024
15-06-2012,1627
18-06-2012,1625.699951
19-06-2012,1622.199951
20-06-2012,1614.800049
21-06-2012,1564.5
22-06-2012,1566
25-06-2012,1587.5
26-06-2012,1574
27-06-2012,1577.5
28-06-2012,1549.699951
29-06-2012,1603.5
02-07-2012,1597.199951
03-07-2012,null
05-07-2012,1608.900024
06-07-2012,1578.400024
09-07-2012,1588.599976
10-07-2012,1579.300049
11-07-2012,1575.199951
12-07-2012,1564.900024
13-07-2012,1591.599976
16-07-2012,1591.199951
17-07-2012,1589.099976
18-07-2012,1570.400024
19-07-2012,1580.099976
20-07-2012,1582.5
23-07-2012,1577.099976
24-07-2012,1576
25-07-2012,1608
26-07-2012,1615
27-07-2012,1617.900024
30-07-2012,1619.699951
31-07-2012,1610.5
01-08-2012,1603.699951
02-08-2012,1587.400024
03-08-2012,1606
06-08-2012,1612.900024
07-08-2012,1609.699951
08-08-2012,1612.900024
09-08-2012,1617.099976
10-08-2012,1619.699951
13-08-2012,1609.599976
14-08-2012,1599.400024
15-08-2012,1603.699951
16-08-2012,1616.099976
17-08-2012,1616.300049
20-08-2012,1620.099976
21-08-2012,1639.900024
22-08-2012,1637.400024
23-08-2012,1669.599976
24-08-2012,1669.800049
27-08-2012,1672.400024
28-08-2012,1666.5
29-08-2012,1659.800049
30-08-2012,1653.5
31-08-2012,1684.599976
04-09-2012,1692.900024
05-09-2012,1690.800049
06-09-2012,1702.599976
07-09-2012,1737.5
10-09-2012,1728.699951
11-09-2012,1731.800049
12-09-2012,1730.599976
13-09-2012,1769.099976
14-09-2012,1769.800049
17-09-2012,1767.699951
18-09-2012,1768.400024
19-09-2012,1769
20-09-2012,1767.699951
21-09-2012,1775.5
24-09-2012,1762.099976
25-09-2012,1763.800049
26-09-2012,1750.599976
27-09-2012,1777.599976
28-09-2012,1771.099976
01-10-2012,1780.5
02-10-2012,1772.699951
03-10-2012,1777.300049
04-10-2012,1794.099976
05-10-2012,1778.599976
08-10-2012,1773.5
09-10-2012,1763
10-10-2012,1763.199951
11-10-2012,1768.800049
12-10-2012,1758
15-10-2012,1736
16-10-2012,1744.699951
17-10-2012,1751.5
18-10-2012,1743.300049
19-10-2012,1722.800049
22-10-2012,1725.099976
23-10-2012,1708.300049
24-10-2012,1700.5
25-10-2012,1712
26-10-2012,1710.900024
31-10-2012,1717.5
01-11-2012,1714.099976
02-11-2012,1674.099976
05-11-2012,1682.199951
06-11-2012,1714.099976
07-11-2012,1713.199951
08-11-2012,1725.400024
09-11-2012,1730.300049
12-11-2012,1730.300049
13-11-2012,1724.199951
14-11-2012,1729.5
15-11-2012,1713.300049
16-11-2012,1714.300049
19-11-2012,1734
20-11-2012,1723.199951
21-11-2012,1727.900024
23-11-2012,null
26-11-2012,1749.5
27-11-2012,1742.199951
28-11-2012,1716.5
29-11-2012,1727.199951
30-11-2012,1710.900024
03-12-2012,1719.599976
04-12-2012,1694.400024
05-12-2012,1692.400024
06-12-2012,1700.300049
07-12-2012,1704
10-12-2012,1713
11-12-2012,1708.199951
12-12-2012,1716.599976
13-12-2012,1695.599976
14-12-2012,1695.800049
17-12-2012,1697
18-12-2012,1669.5
19-12-2012,1666.5
20-12-2012,1644.900024
21-12-2012,1659.099976
24-12-2012,null
26-12-2012,1659.800049
27-12-2012,1662.599976
28-12-2012,1654.900024
31-12-2012,1674.800049
02-01-2013,1687.900024
03-01-2013,1673.699951
04-01-2013,1648.099976
07-01-2013,1645.5
08-01-2013,1661.5
09-01-2013,1654.800049
10-01-2013,1677.300049
11-01-2013,1660
14-01-2013,1668.900024
15-01-2013,1683.400024
16-01-2013,1682.699951
17-01-2013,1690.400024
18-01-2013,1686.599976
22-01-2013,1692.800049
23-01-2013,1686.300049
24-01-2013,1669.5
25-01-2013,1656.400024
28-01-2013,1652.400024
29-01-2013,1660.699951
30-01-2013,1679.900024
31-01-2013,1660.599976
01-02-2013,1669.400024
04-02-2013,1675.300049
05-02-2013,1672.400024
06-02-2013,1677.699951
07-02-2013,1670.400024
08-02-2013,1666
11-02-2013,1648.199951
12-02-2013,1648.699951
13-02-2013,1644.199951
14-02-2013,1634.699951
15-02-2013,1608.800049
19-02-2013,1603.599976
20-02-2013,1577.599976
21-02-2013,1578.199951
22-02-2013,1572.400024
25-02-2013,1586.199951
26-02-2013,1615.199951
27-02-2013,1595.199951
28-02-2013,1577.699951
01-03-2013,1571.900024
04-03-2013,1572.099976
05-03-2013,1574.599976
06-03-2013,1574.599976
07-03-2013,1574.800049
08-03-2013,1576.599976
11-03-2013,1577.800049
12-03-2013,1591.5
13-03-2013,1588.300049
14-03-2013,1590.599976
15-03-2013,1592.5
18-03-2013,1604.599976
19-03-2013,1611.300049
20-03-2013,1607.5
21-03-2013,1613.800049
22-03-2013,1606.199951
25-03-2013,1604.599976
26-03-2013,1595.800049
27-03-2013,1606.199951
28-03-2013,1594.800049
29-03-2013,null
01-04-2013,1600
02-04-2013,1575.099976
03-04-2013,1552.800049
04-04-2013,1551.800049
05-04-2013,1575.400024
08-04-2013,1572
09-04-2013,1586.199951
10-04-2013,1558.300049
11-04-2013,1564.300049
12-04-2013,1501
15-04-2013,1360.599976
16-04-2013,1386.800049
17-04-2013,1382.199951
18-04-2013,1392
19-04-2013,1395.300049
22-04-2013,1421
23-04-2013,1408.599976
24-04-2013,1423.400024
25-04-2013,1461.800049
26-04-2013,1453.599976
29-04-2013,1467.400024
30-04-2013,1472.199951
01-05-2013,1446.300049
02-05-2013,1467.699951
03-05-2013,1464.300049
06-05-2013,1468.099976
07-05-2013,1449
08-05-2013,1473.900024
09-05-2013,1468.800049
10-05-2013,1436.800049
13-05-2013,1434.5
14-05-2013,1424.699951
15-05-2013,1396.5
16-05-2013,1387.099976
17-05-2013,1364.900024
20-05-2013,1384.300049
21-05-2013,1377.800049
22-05-2013,1367.599976
23-05-2013,1392
24-05-2013,1386.800049
28-05-2013,1379.099976
29-05-2013,1391.300049
30-05-2013,1411.5
31-05-2013,1392.599976
03-06-2013,1411.699951
04-06-2013,1397.099976
05-06-2013,1398.400024
06-06-2013,1415.699951
07-06-2013,1383
10-06-2013,1386.199951
11-06-2013,1377
12-06-2013,1391.800049
13-06-2013,1377.599976
14-06-2013,1387.300049
17-06-2013,1382.800049
18-06-2013,1366.599976
19-06-2013,1373.599976
20-06-2013,1285.900024
21-06-2013,1291.599976
24-06-2013,1276.800049
25-06-2013,1274.800049
26-06-2013,1229.599976
27-06-2013,1211.400024
28-06-2013,1223.800049
01-07-2013,1255.900024
02-07-2013,1243.599976
03-07-2013,null
05-07-2013,1212.900024
08-07-2013,1234.900024
09-07-2013,1245.900024
10-07-2013,1247.400024
11-07-2013,1280.099976
12-07-2013,1277.800049
15-07-2013,1283.800049
16-07-2013,1290.800049
17-07-2013,1277.900024
18-07-2013,1284.599976
19-07-2013,1293.300049
22-07-2013,1336.400024
23-07-2013,1335.099976
24-07-2013,1319.699951
25-07-2013,1329
26-07-2013,1321.699951
29-07-2013,1328.400024
30-07-2013,1324
31-07-2013,1312.400024
01-08-2013,1311
02-08-2013,1310.599976
05-08-2013,1302.599976
06-08-2013,1283.199951
07-08-2013,1286.099976
08-08-2013,1310.699951
09-08-2013,1312.900024
12-08-2013,1334.699951
13-08-2013,1321.199951
14-08-2013,1334
15-08-2013,1361.599976
16-08-2013,1371.699951
19-08-2013,1366.199951
20-08-2013,1373.099976
21-08-2013,1370.599976
22-08-2013,1371.199951
23-08-2013,1395.699951
26-08-2013,1393
27-08-2013,1420.599976
28-08-2013,1419
29-08-2013,1412.900024
30-08-2013,1396.099976
03-09-2013,1412
04-09-2013,1389.900024
05-09-2013,1373.099976
06-09-2013,1386.699951
09-09-2013,1386.800049
10-09-2013,1364.099976
11-09-2013,1363.900024
12-09-2013,1330.400024
13-09-2013,1308.400024
16-09-2013,1317.900024
17-09-2013,1309.5
18-09-2013,1307.800049
19-09-2013,1369.400024
20-09-2013,1332.5
23-09-2013,1326.900024
24-09-2013,1316
25-09-2013,1335.900024
26-09-2013,1323.599976
27-09-2013,1338.400024
30-09-2013,1326.5
01-10-2013,1286
02-10-2013,1320.599976
03-10-2013,1317.400024
04-10-2013,1309.699951
07-10-2013,1324.800049
08-10-2013,1324.199951
09-10-2013,1306.900024
10-10-2013,1296.599976
11-10-2013,1268
14-10-2013,1276.400024
15-10-2013,1273
16-10-2013,1282
17-10-2013,1322.699951
18-10-2013,1314.400024
21-10-2013,1315.699951
22-10-2013,1342.5
23-10-2013,1333.900024
24-10-2013,1350.199951
25-10-2013,1352.400024
28-10-2013,1352
29-10-2013,1345.199951
30-10-2013,1349
31-10-2013,1323.599976
01-11-2013,1313.099976
04-11-2013,1314.599976
05-11-2013,1308
06-11-2013,1317.699951
07-11-2013,1308.400024
08-11-2013,1284.5
11-11-2013,1281
12-11-2013,1271.099976
13-11-2013,1268.300049
14-11-2013,1286.199951
15-11-2013,1287.300049
18-11-2013,1272.199951
19-11-2013,1273.400024
20-11-2013,1257.900024
21-11-2013,1243.5
22-11-2013,1244
25-11-2013,1241.099976
26-11-2013,1241.400024
27-11-2013,1237.800049
29-11-2013,null
02-12-2013,1222.300049
03-12-2013,1221.699951
04-12-2013,1248.199951
05-12-2013,1233.199951
06-12-2013,1230.300049
09-12-2013,1235.300049
10-12-2013,1262.400024
11-12-2013,1258.5
12-12-2013,1226
13-12-2013,1235.699951
16-12-2013,1245.5
17-12-2013,1231.199951
18-12-2013,1236.099976
19-12-2013,1195
20-12-2013,1205.099976
23-12-2013,1198.400024
24-12-2013,null
26-12-2013,1214.099976
27-12-2013,1216.099976
30-12-2013,1203.099976
31-12-2013,1201.900024
02-01-2014,1225
03-01-2014,1238.400024
06-01-2014,1237.800049
07-01-2014,1229.400024
08-01-2014,1225.300049
09-01-2014,1229.300049
10-01-2014,1246.699951
13-01-2014,1250.900024
14-01-2014,1245.199951
15-01-2014,1238.099976
16-01-2014,1240
17-01-2014,1251.699951
21-01-2014,1242.300049
22-01-2014,1239
23-01-2014,1262.599976
24-01-2014,1264.5
27-01-2014,1263.599976
28-01-2014,1251
29-01-2014,1262.199951
30-01-2014,1242.199951
31-01-2014,1240.099976
03-02-2014,1260.400024
04-02-2014,1251.699951
05-02-2014,1257.300049
06-02-2014,1257.599976
07-02-2014,1263.300049
10-02-2014,1274.800049
11-02-2014,1290.099976
12-02-2014,1295.300049
13-02-2014,1300.400024
14-02-2014,1319
18-02-2014,1324.699951
19-02-2014,1320.599976
20-02-2014,1317.099976
21-02-2014,1323.900024
24-02-2014,1338.300049
25-02-2014,1343
26-02-2014,1328.199951
27-02-2014,1331.599976
28-02-2014,1321.400024
03-03-2014,1350.099976
04-03-2014,1337.800049
05-03-2014,1340.199951
06-03-2014,1351.699951
07-03-2014,1338.099976
10-03-2014,1341.400024
11-03-2014,1346.5
12-03-2014,1370.300049
13-03-2014,1372.199951
14-03-2014,1379
17-03-2014,1372.900024
18-03-2014,1359
19-03-2014,1341.400024
20-03-2014,1330.5
21-03-2014,1336
24-03-2014,1311.199951
25-03-2014,1311.400024
26-03-2014,1303.400024
27-03-2014,1294.699951
28-03-2014,1293.800049
31-03-2014,1283.400024
01-04-2014,1279.599976
02-04-2014,1290.5
03-04-2014,1284.400024
04-04-2014,1303.199951
07-04-2014,1298
08-04-2014,1308.699951
09-04-2014,1305.5
10-04-2014,1320.099976
11-04-2014,1318.699951
14-04-2014,1327.199951
15-04-2014,1300
16-04-2014,1303.099976
17-04-2014,1293.400024
21-04-2014,1288
22-04-2014,1280.599976
23-04-2014,1284.199951
24-04-2014,1290.5
25-04-2014,1300.699951
28-04-2014,1298.900024
29-04-2014,1296
30-04-2014,1295.599976
01-05-2014,1283.099976
02-05-2014,1302.599976
05-05-2014,1309
06-05-2014,1308.300049
07-05-2014,1288.599976
08-05-2014,1287.400024
09-05-2014,1287.300049
12-05-2014,1295.599976
13-05-2014,1294.599976
14-05-2014,1305.699951
15-05-2014,1293.5
16-05-2014,1293.300049
19-05-2014,1293.699951
20-05-2014,1294.5
21-05-2014,1288
22-05-2014,1294.900024
23-05-2014,1291.599976
27-05-2014,1265.400024
28-05-2014,1259.300049
29-05-2014,1256.300049
30-05-2014,1245.599976
02-06-2014,1243.699951
03-06-2014,1244.300049
04-06-2014,1244
05-06-2014,1253
06-06-2014,1252.099976
09-06-2014,1253.5
10-06-2014,1259.800049
11-06-2014,1260.800049
12-06-2014,1273.599976
13-06-2014,1273.699951
16-06-2014,1274.900024
17-06-2014,1271.699951
18-06-2014,1272.400024
19-06-2014,1313.699951
20-06-2014,1316.199951
23-06-2014,1318
24-06-2014,1320.900024
25-06-2014,1322.199951
26-06-2014,1316.099976
27-06-2014,1319
30-06-2014,1321.800049
01-07-2014,1326.400024
02-07-2014,1330.699951
03-07-2014,null
07-07-2014,1316.5
08-07-2014,1316
09-07-2014,1323.800049
10-07-2014,1338.699951
11-07-2014,1337
14-07-2014,1306.300049
15-07-2014,1296.900024
16-07-2014,1299.599976
17-07-2014,1316.699951
18-07-2014,1309.199951
21-07-2014,1313.699951
22-07-2014,1306.099976
23-07-2014,1304.5
24-07-2014,1290.599976
25-07-2014,1303.099976
28-07-2014,1303.300049
29-07-2014,1298.300049
30-07-2014,1294.900024
31-07-2014,1281.300049
01-08-2014,1293.599976
04-08-2014,1287.699951
05-08-2014,1284
06-08-2014,1306.699951
07-08-2014,1310.800049
08-08-2014,1308.900024
11-08-2014,1308.5
12-08-2014,1308.800049
13-08-2014,1312.800049
14-08-2014,1313.900024
15-08-2014,1304.5
18-08-2014,1297.699951
19-08-2014,1295.099976
20-08-2014,1293.400024
21-08-2014,1273.699951
22-08-2014,1278.599976
25-08-2014,1277.300049
26-08-2014,1283.800049
27-08-2014,1281.900024
28-08-2014,1288.699951
29-08-2014,1285.800049
02-09-2014,1263.699951
03-09-2014,1268.900024
04-09-2014,1265.099976
05-09-2014,1265.800049
08-09-2014,1252.699951
09-09-2014,1246.800049
10-09-2014,1243.5
11-09-2014,1237.400024
12-09-2014,1229.900024
15-09-2014,1233.599976
16-09-2014,1235.199951
17-09-2014,1234.400024
18-09-2014,1225.699951
19-09-2014,1215.300049
22-09-2014,1216.800049
23-09-2014,1221
24-09-2014,1218.599976
25-09-2014,1221.199951
26-09-2014,1214.099976
29-09-2014,1217.5
30-09-2014,1210.5
01-10-2014,1214.599976
02-10-2014,1214.199951
03-10-2014,1192.199951
06-10-2014,1206.699951
07-10-2014,1211.699951
08-10-2014,1205.300049
09-10-2014,1224.599976
10-10-2014,1221
13-10-2014,1229.300049
14-10-2014,1233.599976
15-10-2014,1244.099976
16-10-2014,1240.5
17-10-2014,1238.300049
20-10-2014,1244
21-10-2014,1251
22-10-2014,1244.800049
23-10-2014,1228.5
24-10-2014,1231.199951
27-10-2014,1229.099976
28-10-2014,1229.199951
29-10-2014,1224.300049
30-10-2014,1198.099976
31-10-2014,1171.099976
03-11-2014,1169.400024
04-11-2014,1167.400024
05-11-2014,1145.400024
06-11-2014,1142.300049
07-11-2014,1169.599976
10-11-2014,1159.599976
11-11-2014,1162.800049
12-11-2014,1158.900024
13-11-2014,1161.099976
14-11-2014,1185
17-11-2014,1183
18-11-2014,1196.699951
19-11-2014,1193.599976
20-11-2014,1190.699951
21-11-2014,1197.5
24-11-2014,1195.5
25-11-2014,1197.099976
26-11-2014,1196.599976
28-11-2014,null
01-12-2014,1218
02-12-2014,1199.199951
03-12-2014,1208.5
04-12-2014,1207.5
05-12-2014,1190.099976
08-12-2014,1194.699951
09-12-2014,1231.5
10-12-2014,1228.900024
11-12-2014,1225.099976
12-12-2014,1222
15-12-2014,1207.199951
16-12-2014,1193.900024
17-12-2014,1194.300049
18-12-2014,1194.699951
19-12-2014,1195.900024
22-12-2014,1179.699951
23-12-2014,1177.900024
24-12-2014,null
26-12-2014,1195.300049
29-12-2014,1181.699951
30-12-2014,1200.199951
31-12-2014,1183.900024
02-01-2015,1186
05-01-2015,1203.900024
06-01-2015,1219.300049
07-01-2015,1210.599976
08-01-2015,1208.400024
09-01-2015,1216
12-01-2015,1232.699951
13-01-2015,1234.300049
14-01-2015,1234.400024
15-01-2015,1264.699951
16-01-2015,1276.900024
20-01-2015,1294.199951
21-01-2015,1293.699951
22-01-2015,1300.699951
23-01-2015,1292.599976
26-01-2015,1279.400024
27-01-2015,1291.699951
28-01-2015,1285.900024
29-01-2015,1254.599976
30-01-2015,1278.5
02-02-2015,1276.199951
03-02-2015,1259.699951
04-02-2015,1263.800049
05-02-2015,1262
06-02-2015,1233.900024
09-02-2015,1240.800049
10-02-2015,1231.599976
11-02-2015,1219
12-02-2015,1220.099976
13-02-2015,1226.5
17-02-2015,1208.099976
18-02-2015,1199.699951
19-02-2015,1207.099976
20-02-2015,1204.400024
23-02-2015,1200.300049
24-02-2015,1196.900024
25-02-2015,1201
26-02-2015,1209.599976
27-02-2015,1212.599976
02-03-2015,1207.699951
03-03-2015,1204
04-03-2015,1200.599976
05-03-2015,1195.900024
06-03-2015,1164.099976
09-03-2015,1166.400024
10-03-2015,1160.099976
11-03-2015,1150.699951
12-03-2015,1152.099976
13-03-2015,1152.599976
16-03-2015,1153.300049
17-03-2015,1148.300049
18-03-2015,1151.400024
19-03-2015,1169.099976
20-03-2015,1184.800049
23-03-2015,1188
24-03-2015,1191.699951
25-03-2015,1197.300049
26-03-2015,1205.099976
27-03-2015,1199.800049
30-03-2015,1184.800049
31-03-2015,1183.099976
01-04-2015,1208.099976
02-04-2015,1200.900024
06-04-2015,1218.599976
07-04-2015,1210.599976
08-04-2015,1203.099976
09-04-2015,1193.599976
10-04-2015,1204.599976
13-04-2015,1199.300049
14-04-2015,1192.800049
15-04-2015,1201.5
16-04-2015,1198
17-04-2015,1202.900024
20-04-2015,1193.5
21-04-2015,1202.900024
22-04-2015,1186.900024
23-04-2015,1194.400024
24-04-2015,1175.199951
27-04-2015,1203.300049
28-04-2015,1214
29-04-2015,1209.800049
30-04-2015,1182.400024
01-05-2015,1174.5
04-05-2015,1186.800049
05-05-2015,1193.199951
06-05-2015,1190.300049
07-05-2015,1182.400024
08-05-2015,1189.099976
11-05-2015,1183.199951
12-05-2015,1192.599976
13-05-2015,1218.400024
14-05-2015,1225.400024
15-05-2015,1225.5
18-05-2015,1227.800049
19-05-2015,1206.900024
20-05-2015,1208.900024
21-05-2015,1204.400024
22-05-2015,1204.300049
26-05-2015,1187.199951
27-05-2015,1185.900024
28-05-2015,1188.099976
29-05-2015,1189.400024
01-06-2015,1188.300049
02-06-2015,1194.099976
03-06-2015,1184.699951
04-06-2015,1174.900024
05-06-2015,1167.800049
08-06-2015,1173.199951
09-06-2015,1177.300049
10-06-2015,1186.099976
11-06-2015,1179.900024
12-06-2015,1178.800049
15-06-2015,1185.300049
16-06-2015,1180.5
17-06-2015,1176.400024
18-06-2015,1201.5
19-06-2015,1201.5
22-06-2015,1183.699951
23-06-2015,1176.199951
24-06-2015,1172.599976
25-06-2015,1171.5
26-06-2015,1172.900024
29-06-2015,1178.5
30-06-2015,1171.5
01-07-2015,1169
02-07-2015,1163
06-07-2015,1172.900024
07-07-2015,1152.400024
08-07-2015,1163.300049
09-07-2015,1159
10-07-2015,1157.699951
13-07-2015,1155.199951
14-07-2015,1153.300049
15-07-2015,1147.199951
16-07-2015,1143.800049
17-07-2015,1131.800049
20-07-2015,1106.699951
21-07-2015,1103.400024
22-07-2015,1091.400024
23-07-2015,1094
24-07-2015,1085.599976
27-07-2015,1096.5
28-07-2015,1096.300049
29-07-2015,1092.699951
30-07-2015,1088.400024
31-07-2015,1094.900024
03-08-2015,1089.400024
04-08-2015,1090.699951
05-08-2015,1085.699951
06-08-2015,1090.199951
07-08-2015,1094.099976
10-08-2015,1104.199951
11-08-2015,1107.599976
12-08-2015,1123.199951
13-08-2015,1115.699951
14-08-2015,1112.900024
17-08-2015,1118.599976
18-08-2015,1117.099976
19-08-2015,1128.099976
20-08-2015,1153
21-08-2015,1159.599976
24-08-2015,1153.400024
25-08-2015,1138.199951
26-08-2015,1124.599976
27-08-2015,1122.400024
28-08-2015,1133.099976
31-08-2015,1131.599976
01-09-2015,1138.699951
02-09-2015,1132.5
03-09-2015,1123.699951
04-09-2015,1120.599976
08-09-2015,1120.400024
09-09-2015,1102.199951
10-09-2015,1109.5
11-09-2015,1103.5
14-09-2015,1107.699951
15-09-2015,1102.800049
16-09-2015,1119.199951
17-09-2015,1117.300049
18-09-2015,1138.099976
21-09-2015,1133.099976
22-09-2015,1125
23-09-2015,1131.599976
24-09-2015,1153.800049
25-09-2015,1146
28-09-2015,1132
29-09-2015,1127.099976
30-09-2015,1115.5
01-10-2015,1114.199951
02-10-2015,1137.099976
05-10-2015,1138.099976
06-10-2015,1146.800049
07-10-2015,1149
08-10-2015,1144.699951
09-10-2015,1156.300049
12-10-2015,1164.900024
13-10-2015,1165.800049
14-10-2015,1180.099976
15-10-2015,1187.900024
16-10-2015,1183.599976
19-10-2015,1173.300049
20-10-2015,1178
21-10-2015,1167.599976
22-10-2015,1166.599976
23-10-2015,1163.300049
26-10-2015,1167
27-10-2015,1166.800049
28-10-2015,1177.099976
29-10-2015,1147.199951
30-10-2015,1141.5
02-11-2015,1135.800049
03-11-2015,1114.199951
04-11-2015,1106.5
05-11-2015,1104.400024
06-11-2015,1087.599976
09-11-2015,1087.900024
10-11-2015,1088.199951
11-11-2015,1084.699951
12-11-2015,1080.800049
13-11-2015,1080.800049
16-11-2015,1083.699951
17-11-2015,1068.699951
18-11-2015,1068.800049
19-11-2015,1078
20-11-2015,1076.400024
23-11-2015,1066.800049
24-11-2015,1074.300049
25-11-2015,1070.5
27-11-2015,1056.199951
30-11-2015,1065.800049
01-12-2015,1063.800049
02-12-2015,1054.199951
03-12-2015,1061.699951
04-12-2015,1084.5
07-12-2015,1076.400024
08-12-2015,1076.300049
09-12-2015,1077.599976
10-12-2015,1073.099976
11-12-2015,1076.900024
14-12-2015,1064.699951
15-12-2015,1062.900024
16-12-2015,1078
17-12-2015,1050.800049
18-12-2015,1066.199951
21-12-2015,1081.900024
22-12-2015,1074.800049
23-12-2015,1069.400024
24-12-2015,1077.199951
28-12-2015,1070.5
29-12-2015,1077.5
30-12-2015,1060.099976
31-12-2015,1060.300049
04-01-2016,1075.099976
05-01-2016,1078.400024
06-01-2016,1091.900024
07-01-2016,1107.699951
08-01-2016,1097.800049
11-01-2016,1096.5
12-01-2016,1085.599976
13-01-2016,1087.5
14-01-2016,1073.900024
15-01-2016,1091.5
18-01-2016,null
19-01-2016,1089.900024
20-01-2016,1107.099976
21-01-2016,1099.099976
22-01-2016,1097.199951
25-01-2016,1106.199951
26-01-2016,1121.699951
27-01-2016,1116.099976
28-01-2016,1115.599976
29-01-2016,1116.400024
01-02-2016,1127.900024
02-02-2016,1127.300049
03-02-2016,1141.300049
04-02-2016,1157.599976
05-02-2016,1157.800049
08-02-2016,1197.900024
09-02-2016,1198.699951
10-02-2016,1194.699951
11-02-2016,1247.900024
12-02-2016,1239.099976
15-02-2016,null
16-02-2016,1207.900024
17-02-2016,1211.099976
18-02-2016,1226.099976
19-02-2016,1230.400024
22-02-2016,1209.5
23-02-2016,1222.300049
24-02-2016,1238.699951
25-02-2016,1238.199951
26-02-2016,1219.800049
29-02-2016,1233.900024
01-03-2016,1230.300049
02-03-2016,1241.099976
03-03-2016,1257.400024
04-03-2016,1269.900024
07-03-2016,1263.199951
08-03-2016,1262.099976
09-03-2016,1256.599976
10-03-2016,1272
11-03-2016,1258.699951
14-03-2016,1244.400024
15-03-2016,1230.400024
16-03-2016,1229.300049
17-03-2016,1264.5
18-03-2016,1253.800049
21-03-2016,1243.800049
22-03-2016,1248.199951
23-03-2016,1223.699951
24-03-2016,1221.400024
28-03-2016,1219.900024
29-03-2016,1235.599976
30-03-2016,1226.900024
31-03-2016,1234.199951
01-04-2016,1222.199951
04-04-2016,1218
05-04-2016,1228.400024
06-04-2016,1222.5
07-04-2016,1236.199951
08-04-2016,1242.5
11-04-2016,1256.699951
12-04-2016,1259.400024
13-04-2016,1246.800049
14-04-2016,1225
15-04-2016,1233.099976
18-04-2016,1233.599976
19-04-2016,1253
20-04-2016,1253.199951
21-04-2016,1249
22-04-2016,1228.699951
25-04-2016,1238.900024
26-04-2016,1242.199951
27-04-2016,1249.199951
28-04-2016,1265.5
29-04-2016,1289.199951
02-05-2016,1294.699951
03-05-2016,1290.699951
04-05-2016,1273.300049
05-05-2016,1271.400024
06-05-2016,1292.900024
09-05-2016,1265.599976
10-05-2016,1263.900024
11-05-2016,1274.599976
12-05-2016,1270.300049
13-05-2016,1271.900024
16-05-2016,1273.400024
17-05-2016,1276.199951
18-05-2016,1273.699951
19-05-2016,1254.199951
20-05-2016,1252.400024
23-05-2016,1251.099976
24-05-2016,1228.900024
25-05-2016,1223.5
26-05-2016,1220.099976
27-05-2016,1213.800049
31-05-2016,1214.800049
01-06-2016,1211.900024
02-06-2016,1209.800049
03-06-2016,1240.099976
06-06-2016,1244.599976
07-06-2016,1244.400024
08-06-2016,1259.800049
09-06-2016,1270.199951
10-06-2016,1273.400024
13-06-2016,1284.400024
14-06-2016,1285.599976
15-06-2016,1285.800049
16-06-2016,1296.099976
17-06-2016,1292.5
20-06-2016,1290
21-06-2016,1270.5
22-06-2016,1268
23-06-2016,1261.199951
24-06-2016,1320
27-06-2016,1322.5
28-06-2016,1315.300049
29-06-2016,1323.900024
30-06-2016,1318.400024
01-07-2016,1336.699951
05-07-2016,1356.400024
06-07-2016,1364.900024
07-07-2016,1360.099976
08-07-2016,1356.599976
11-07-2016,1355
12-07-2016,1334.099976
13-07-2016,1342.400024
14-07-2016,1331.300049
15-07-2016,1326.5
18-07-2016,1328.400024
19-07-2016,1331.5
20-07-2016,1318.800049
21-07-2016,1330.5
22-07-2016,1323.099976
25-07-2016,1319.300049
26-07-2016,1320.699951
27-07-2016,1326.599976
28-07-2016,1332.300049
29-07-2016,1349
01-08-2016,1351.400024
02-08-2016,1364.400024
03-08-2016,1356.099976
04-08-2016,1358.800049
05-08-2016,1336.400024
08-08-2016,1333.400024
09-08-2016,1339
10-08-2016,1344.300049
11-08-2016,1342.5
12-08-2016,1335.800049
15-08-2016,1340.300049
16-08-2016,1350.5
17-08-2016,1342.699951
18-08-2016,1351.199951
19-08-2016,1340.400024
22-08-2016,1337.699951
23-08-2016,1340.599976
24-08-2016,1324.400024
25-08-2016,1320.099976
26-08-2016,1321.5
29-08-2016,1322.900024
30-08-2016,1311.699951
31-08-2016,1306.900024
01-09-2016,1312.199951
02-09-2016,1322.099976
06-09-2016,1349.400024
07-09-2016,1344.300049
08-09-2016,1336.800049
09-09-2016,1330.099976
12-09-2016,1321
13-09-2016,1319
14-09-2016,1321.5
15-09-2016,1313.5
16-09-2016,1305.800049
19-09-2016,1313.5
20-09-2016,1313.699951
21-09-2016,1326.900024
22-09-2016,1340.400024
23-09-2016,1337.199951
26-09-2016,1339.699951
27-09-2016,1325.900024
28-09-2016,1319.400024
29-09-2016,1321.699951
30-09-2016,1313.300049
03-10-2016,1309
04-10-2016,1266.300049
05-10-2016,1265.199951
06-10-2016,1249.800049
07-10-2016,1248.900024
11-10-2016,1253
12-10-2016,1251.099976
13-10-2016,1255
14-10-2016,1253.099976
17-10-2016,1254.400024
18-10-2016,1260.800049
19-10-2016,1267.900024
20-10-2016,1265.599976
21-10-2016,1265.900024
24-10-2016,1262
25-10-2016,1271.900024
26-10-2016,1264.800049
27-10-2016,1267.900024
28-10-2016,1275.5
31-10-2016,1271.5
01-11-2016,1286.400024
02-11-2016,1306.800049
03-11-2016,1302.099976
04-11-2016,1303.300049
07-11-2016,1278.300049
08-11-2016,1273.400024
09-11-2016,1272.599976
10-11-2016,1265.5
14-11-2016,1221.199951
15-11-2016,1224
16-11-2016,1223.400024
17-11-2016,1216.5
18-11-2016,1208.5
21-11-2016,1209.599976
22-11-2016,1211
23-11-2016,1189.099976
25-11-2016,1178.199951
28-11-2016,1190.599976
29-11-2016,1187.900024
30-11-2016,1170.800049
01-12-2016,1166.900024
02-12-2016,1175.099976
05-12-2016,1174
06-12-2016,1167.599976
07-12-2016,1175
08-12-2016,1169.800049
09-12-2016,1159.400024
12-12-2016,1163.5
13-12-2016,1156.699951
14-12-2016,1161.300049
15-12-2016,1127.800049
16-12-2016,1135.300049
19-12-2016,1140.5
20-12-2016,1131.5
21-12-2016,1131.099976
22-12-2016,1128.800049
23-12-2016,1131.900024
27-12-2016,1137.300049
28-12-2016,1139.400024
29-12-2016,1156.400024
30-12-2016,1150
03-01-2017,1160.400024
04-01-2017,1163.800049
05-01-2017,1179.699951
06-01-2017,1171.900024
09-01-2017,1183.5
10-01-2017,1184.199951
11-01-2017,1195.599976
12-01-2017,1198.900024
13-01-2017,1195.300049
17-01-2017,1212
18-01-2017,1211.300049
19-01-2017,1200.900024
20-01-2017,1204.300049
23-01-2017,1215
24-01-2017,1210.300049
25-01-2017,1197.300049
26-01-2017,1189.5
27-01-2017,1188.099976
30-01-2017,1193.199951
31-01-2017,1208.599976
01-02-2017,1205.599976
02-02-2017,1216.699951
03-02-2017,1218.5
06-02-2017,1230
07-02-2017,1234.199951
08-02-2017,1237.599976
09-02-2017,1235.099976
10-02-2017,1234.400024
13-02-2017,1224.400024
14-02-2017,1223.900024
15-02-2017,1231.699951
16-02-2017,1240
17-02-2017,1237.599976
21-02-2017,1237.5
22-02-2017,1232
23-02-2017,1250.199951
24-02-2017,1256.900024
27-02-2017,1257.400024
28-02-2017,1252.599976
01-03-2017,1248.900024
02-03-2017,1231.900024
03-03-2017,1225.5
06-03-2017,1224.5
07-03-2017,1215.099976
08-03-2017,1208.5
09-03-2017,1202.400024
10-03-2017,1200.699951
13-03-2017,1202.400024
14-03-2017,1201.900024
15-03-2017,1200.099976
16-03-2017,1226.5
17-03-2017,1229.800049
20-03-2017,1233.599976
21-03-2017,1246.099976
22-03-2017,1249.300049
23-03-2017,1246.900024
24-03-2017,1248.199951
27-03-2017,1255.400024
28-03-2017,1255.300049
29-03-2017,1253.400024
30-03-2017,1245
31-03-2017,1247.300049
03-04-2017,1250.800049
04-04-2017,1255
05-04-2017,1245.400024
06-04-2017,1250.300049
07-04-2017,1254.300049
10-04-2017,1251.099976
11-04-2017,1271.199951
12-04-2017,1275.300049
13-04-2017,1285.900024
17-04-2017,1289.400024
18-04-2017,1291.699951
19-04-2017,1281.400024
20-04-2017,1281.900024
21-04-2017,1287.400024
24-04-2017,1275.800049
25-04-2017,1265.599976
26-04-2017,1262.099976
27-04-2017,1263.699951
28-04-2017,1266.099976
01-05-2017,1253.300049
02-05-2017,1255.099976
03-05-2017,1246.400024
04-05-2017,1226.5
05-05-2017,1224.800049
08-05-2017,1225.300049
09-05-2017,1214.300049
10-05-2017,1217.300049
11-05-2017,1222.699951
12-05-2017,1226.199951
15-05-2017,1228.599976
16-05-2017,1235
17-05-2017,1257.5
18-05-2017,1251.699951
19-05-2017,1252.699951
22-05-2017,1260.699951
23-05-2017,1254.800049
24-05-2017,1252.400024
25-05-2017,1255.800049
26-05-2017,1267.599976
30-05-2017,1262.099976
31-05-2017,1272
01-06-2017,1267
02-06-2017,1276.800049
05-06-2017,1279.300049
06-06-2017,1294.400024
07-06-2017,1290.099976
08-06-2017,1276.300049
09-06-2017,1268.5
12-06-2017,1266.099976
13-06-2017,1265.800049
14-06-2017,1272.800049
15-06-2017,1252.199951
16-06-2017,1254
19-06-2017,1244.199951
20-06-2017,1241
21-06-2017,1243.400024
22-06-2017,1247.599976
23-06-2017,1256.199951
26-06-2017,1246.300049
27-06-2017,1246.400024
28-06-2017,1248
29-06-2017,1244.199951
30-06-2017,1240.699951
03-07-2017,null
05-07-2017,1220.400024
06-07-2017,1222.199951
07-07-2017,1208.599976
10-07-2017,1212.099976
11-07-2017,1213.599976
12-07-2017,1218.099976
13-07-2017,1216.300049
14-07-2017,1226.599976
17-07-2017,1232.800049
18-07-2017,1241.099976
19-07-2017,1241.199951
20-07-2017,1244.800049
21-07-2017,1254.300049
24-07-2017,1253.900024
25-07-2017,1251.699951
26-07-2017,1249
27-07-2017,1259.599976
28-07-2017,1268.400024
31-07-2017,1266.599976
01-08-2017,1272.599976
02-08-2017,1271.800049
03-08-2017,1267.800049
04-08-2017,1258.300049
07-08-2017,1258.199951
08-08-2017,1256.400024
09-08-2017,1273
10-08-2017,1283.699951
11-08-2017,1287.699951
14-08-2017,1284.199951
15-08-2017,1273.699951
16-08-2017,1276.900024
17-08-2017,1286.400024
18-08-2017,1285.699951
21-08-2017,1290.800049
22-08-2017,1285.099976
23-08-2017,1288.900024
24-08-2017,1286.5
25-08-2017,1292.5
28-08-2017,1309.699951
29-08-2017,1313.099976
30-08-2017,1308.099976
31-08-2017,1316.199951
01-09-2017,1324.5
05-09-2017,1339.199951
06-09-2017,1333.900024
07-09-2017,1345.099976
08-09-2017,1346
11-09-2017,1331
12-09-2017,1328
13-09-2017,1323.400024
14-09-2017,1324.699951
15-09-2017,1320.400024
18-09-2017,1306.300049
19-09-2017,1306.199951
20-09-2017,1312
21-09-2017,1290.599976
22-09-2017,1293.300049
25-09-2017,1306.800049
26-09-2017,1297
27-09-2017,1283.400024
28-09-2017,1285.5
29-09-2017,1281.5
02-10-2017,1272.699951
03-10-2017,1271.5
04-10-2017,1273.699951
05-10-2017,1269.900024
06-10-2017,1271.599976
09-10-2017,1281.800049
10-10-2017,1290.599976
11-10-2017,1285.800049
12-10-2017,1293.300049
13-10-2017,1301.5
16-10-2017,1299.900024
17-10-2017,1283
18-10-2017,1279.900024
19-10-2017,1286.900024
20-10-2017,1277.400024
23-10-2017,1277.699951
24-10-2017,1275
25-10-2017,1275.400024
26-10-2017,1266.300049
27-10-2017,1268.5
30-10-2017,1274.099976
31-10-2017,1267
01-11-2017,1274.099976
02-11-2017,1274.900024
03-11-2017,1266.5
06-11-2017,1279.400024
07-11-2017,1273.699951
08-11-2017,1281.599976
09-11-2017,1285.599976
10-11-2017,1272.400024
13-11-2017,1277.300049
14-11-2017,1281.5
15-11-2017,1276.5
16-11-2017,1277.400024
17-11-2017,1295.800049
20-11-2017,1274.599976
21-11-2017,1281.099976
22-11-2017,1291.599976
24-11-2017,null
27-11-2017,1293.800049
28-11-2017,1294.699951
29-11-2017,1282.099976
30-11-2017,1273.199951
01-12-2017,1278.800049
04-12-2017,1274.300049
05-12-2017,1261.599976
06-12-2017,1262.800049
07-12-2017,1249.800049
08-12-2017,1245.199951
11-12-2017,1243.699951
12-12-2017,1238.5
13-12-2017,1245.400024
14-12-2017,1253.800049
15-12-2017,1254.300049
18-12-2017,1262.199951
19-12-2017,1260.699951
20-12-2017,1266.099976
21-12-2017,1267.300049
22-12-2017,1275.400024
26-12-2017,1284.099976
27-12-2017,1287
28-12-2017,1294.099976
29-12-2017,1306.300049
02-01-2018,1313.699951
03-01-2018,1316.199951
04-01-2018,1319.400024
05-01-2018,1320.300049
08-01-2018,1318.599976
09-01-2018,1311.699951
10-01-2018,1317.400024
11-01-2018,1320.599976
12-01-2018,1333.400024
16-01-2018,1335.400024
17-01-2018,1338
18-01-2018,1326
19-01-2018,1331.900024
22-01-2018,1330.900024
23-01-2018,1335.699951
24-01-2018,1355.900024
25-01-2018,1362.400024
26-01-2018,1351.599976
29-01-2018,null
30-01-2018,1335.400024
31-01-2018,1339
01-02-2018,1344.300049
02-02-2018,1333.699951
05-02-2018,1333
06-02-2018,1326.099976
07-02-2018,1311.599976
08-02-2018,1316.900024
09-02-2018,1313.099976
12-02-2018,1324.199951
13-02-2018,1328.099976
14-02-2018,1355.5
15-02-2018,1352.099976
16-02-2018,1353.199951
20-02-2018,1328.800049
21-02-2018,1330
22-02-2018,1330.599976
23-02-2018,1328.199951
26-02-2018,1330.699951
27-02-2018,1315.5
28-02-2018,1315.5
01-03-2018,1302.900024
02-03-2018,1321.099976
05-03-2018,1318.099976
06-03-2018,1333.599976
07-03-2018,1326
08-03-2018,1319.900024
09-03-2018,1322.400024
12-03-2018,1319.400024
13-03-2018,1325.900024
14-03-2018,1324.400024
15-03-2018,1316.800049
16-03-2018,1311.300049
19-03-2018,1316.800049
20-03-2018,1311.099976
21-03-2018,1320.699951
22-03-2018,1326.599976
23-03-2018,1349.300049
26-03-2018,1354.400024
27-03-2018,1341.300049
28-03-2018,1324.199951
29-03-2018,1322.800049
02-04-2018,1342.099976
03-04-2018,1332.800049
04-04-2018,1335.800049
05-04-2018,1324.300049
06-04-2018,1331.900024
09-04-2018,1336.300049
10-04-2018,1342
11-04-2018,1356.5
12-04-2018,1338.400024
13-04-2018,1344.800049
16-04-2018,1347.5
17-04-2018,1347.199951
18-04-2018,1351.199951
19-04-2018,1346.800049
20-04-2018,1336.699951
23-04-2018,1322.5
24-04-2018,1331.400024
25-04-2018,1321.199951
26-04-2018,1316.300049
27-04-2018,1320.300049
30-04-2018,1316.199951
01-05-2018,1303.800049
02-05-2018,1302.599976
03-05-2018,1310.699951
04-05-2018,1312.699951
07-05-2018,1312.199951
08-05-2018,1312
09-05-2018,1311.300049
10-05-2018,1320.800049
11-05-2018,1319
14-05-2018,1316.5
15-05-2018,1288.900024
16-05-2018,1290.199951
17-05-2018,1288.199951
18-05-2018,1290.199951
21-05-2018,1290.199951
22-05-2018,1291.699951
23-05-2018,1289.300049
24-05-2018,1303.699951
25-05-2018,1303.300049
29-05-2018,1298.699951
30-05-2018,1301.5
31-05-2018,1300.099976
01-06-2018,1294.800049
04-06-2018,1293.099976
05-06-2018,1297.5
06-06-2018,1297.099976
07-06-2018,1298.699951
08-06-2018,1298.099976
11-06-2018,1298.900024
12-06-2018,1295.099976
13-06-2018,1296.900024
14-06-2018,1304
15-06-2018,1274.599976
18-06-2018,1276.199951
19-06-2018,1275.599976
20-06-2018,1271.199951
21-06-2018,1267.199951
22-06-2018,1267.400024
25-06-2018,1265.599976
26-06-2018,1256.599976
27-06-2018,1252.800049
28-06-2018,1247.800049
29-06-2018,1251.300049
02-07-2018,1239.800049
03-07-2018,null
05-07-2018,1257.300049
06-07-2018,1254.300049
09-07-2018,1258.099976
10-07-2018,1253.800049
11-07-2018,1242.800049
12-07-2018,1245
13-07-2018,1239.599976
16-07-2018,1238.099976
17-07-2018,1225.699951
18-07-2018,1226.300049
19-07-2018,1222.400024
20-07-2018,1229.5
23-07-2018,1224
24-07-2018,1223.900024
25-07-2018,1231.400024
26-07-2018,1225.300049
27-07-2018,1222.599976
30-07-2018,1221.300049
31-07-2018,1223.699951
01-08-2018,1217.900024
02-08-2018,1210.599976
03-08-2018,1214.199951
06-08-2018,1208.599976
07-08-2018,1209.599976
08-08-2018,1212.599976
09-08-2018,1211.900024
10-08-2018,1211.099976
13-08-2018,1191.300049
14-08-2018,1193
15-08-2018,1177.5
16-08-2018,1176.199951
17-08-2018,1176.5
20-08-2018,1186.800049
21-08-2018,1192.599976
22-08-2018,1196.300049
23-08-2018,1187
24-08-2018,1206.300049
27-08-2018,1209
28-08-2018,1207.400024
29-08-2018,1204.5
30-08-2018,1197.699951
31-08-2018,1200.300049
04-09-2018,1192.699951
05-09-2018,1194.900024
06-09-2018,1197.900024
07-09-2018,1193.599976
10-09-2018,1193
11-09-2018,1195.400024
12-09-2018,1204.699951
13-09-2018,1202
14-09-2018,1195
17-09-2018,1199.699951
18-09-2018,1196.800049
19-09-2018,1202.199951
20-09-2018,1206.199951
21-09-2018,1196.199951
24-09-2018,1199.300049
25-09-2018,1200
26-09-2018,1194
27-09-2018,1182.300049
28-09-2018,1191.5
01-10-2018,1187.099976
02-10-2018,1202.400024
03-10-2018,1198.300049
04-10-2018,1197.199951
05-10-2018,1201.199951
08-10-2018,1184.400024
09-10-2018,1187.199951
10-10-2018,1189.300049
11-10-2018,1223.5
12-10-2018,1218.099976
15-10-2018,1226.400024
16-10-2018,1227.300049
17-10-2018,1223.699951
18-10-2018,1226.5
19-10-2018,1225.300049
22-10-2018,1221.199951
23-10-2018,1233.400024
24-10-2018,1227.800049
25-10-2018,1229.099976
26-10-2018,1232.5
29-10-2018,1224.5
30-10-2018,1222.599976
31-10-2018,1212.300049
01-11-2018,1236
02-11-2018,1230.900024
05-11-2018,1229.800049
06-11-2018,1223.800049
07-11-2018,1226.199951
08-11-2018,1222.900024
09-11-2018,1206.400024
12-11-2018,1201.300049
13-11-2018,1199.199951
14-11-2018,1207.900024
15-11-2018,1212.800049
16-11-2018,1220.800049
19-11-2018,1223.099976
20-11-2018,1219
21-11-2018,1225.800049
23-11-2018,null
26-11-2018,1220.199951
27-11-2018,1211.199951
28-11-2018,1221.400024
29-11-2018,1224.099976
30-11-2018,1220.199951
03-12-2018,1233.900024
04-12-2018,1241.099976
06-12-2018,1238.099976
07-12-2018,1246.800049
10-12-2018,1243.699951
11-12-2018,1241.900024
12-12-2018,1244.400024
13-12-2018,1242.699951
14-12-2018,1237
17-12-2018,1247.400024
18-12-2018,1249.199951
19-12-2018,1252.099976
20-12-2018,1263.599976
21-12-2018,1253.800049
24-12-2018,null
26-12-2018,1269.199951
27-12-2018,1277.300049
28-12-2018,1279.900024
31-12-2018,1278.300049
02-01-2019,1281
03-01-2019,1291.800049
04-01-2019,1282.699951
07-01-2019,1286.800049
08-01-2019,1283.199951
09-01-2019,1289.300049
10-01-2019,1284.699951
11-01-2019,1287.099976
14-01-2019,1289.099976
15-01-2019,1286.199951
16-01-2019,1291.599976
17-01-2019,1291
18-01-2019,1281.300049
22-01-2019,1282.5
23-01-2019,1283.099976
24-01-2019,1279.099976
25-01-2019,1297.400024
28-01-2019,1302.400024
29-01-2019,1308.199951
30-01-2019,1309.900024
31-01-2019,1319.699951
01-02-2019,1316.900024
04-02-2019,1314.300049
05-02-2019,1314.199951
06-02-2019,1309.5
07-02-2019,1309.400024
08-02-2019,1313.699951
11-02-2019,1307
12-02-2019,1309.199951
13-02-2019,1310.800049
14-02-2019,1309.800049
15-02-2019,1318.099976
19-02-2019,1340.099976
20-02-2019,1343.300049
21-02-2019,1323.5
22-02-2019,1329.199951
25-02-2019,1325.900024
26-02-2019,1325.099976
27-02-2019,1317.699951
28-02-2019,1312.800049
01-03-2019,1296.400024
04-03-2019,1284.800049
05-03-2019,1282
06-03-2019,1284.900024
07-03-2019,1283.800049
08-03-2019,1297
11-03-2019,1288.800049
12-03-2019,1296.300049
13-03-2019,1307.5
14-03-2019,1293.400024
15-03-2019,1301.800049
18-03-2019,1300.300049
19-03-2019,1305
20-03-2019,1300.5
21-03-2019,1306.099976
22-03-2019,1311.599976
25-03-2019,1321.900024
26-03-2019,1314.300049
27-03-2019,1309.900024
28-03-2019,1289.800049
29-03-2019,1293
01-04-2019,1288.400024
02-04-2019,1290
03-04-2019,1289.900024
04-04-2019,1289
05-04-2019,1290.400024
08-04-2019,1297.099976
09-04-2019,1303.5
10-04-2019,1309.099976
11-04-2019,1288.599976
12-04-2019,1290.599976
15-04-2019,1286.800049
16-04-2019,1272.599976
17-04-2019,1272.199951
18-04-2019,1271.900024
22-04-2019,1273.5
23-04-2019,1269.300049
24-04-2019,1275.5
25-04-2019,1275.800049
26-04-2019,1284.900024
29-04-2019,1278.599976
30-04-2019,1282.800049
01-05-2019,1281.400024
02-05-2019,1269.699951
03-05-2019,1279.199951
06-05-2019,1281.699951
07-05-2019,1283.5
08-05-2019,1279.400024
09-05-2019,1283.5
10-05-2019,1285.699951
13-05-2019,1300.099976
14-05-2019,1294.699951
15-05-2019,1296.300049
16-05-2019,1285
17-05-2019,1274.5
20-05-2019,1276.099976
21-05-2019,1272
22-05-2019,1273.599976
23-05-2019,1284.800049
24-05-2019,1283
28-05-2019,1276.5
29-05-2019,1280.599976
30-05-2019,1287.099976
31-05-2019,1305.800049
03-06-2019,1322.699951
04-06-2019,1323.400024
05-06-2019,1328.300049
06-06-2019,1337.599976
07-06-2019,1341.199951
10-06-2019,1324.699951
11-06-2019,1326.400024
12-06-2019,1331.900024
13-06-2019,1339.199951
14-06-2019,1340.099976
17-06-2019,1338.699951
18-06-2019,1346.599976
19-06-2019,1344.599976
20-06-2019,1392.900024
21-06-2019,1396.199951
24-06-2019,1414.300049
25-06-2019,1414.900024
26-06-2019,1411.599976
27-06-2019,1408.400024
28-06-2019,1409.699951
01-07-2019,1385.599976
02-07-2019,1404.599976
03-07-2019,null
05-07-2019,1396.699951
08-07-2019,1397
09-07-2019,1397.5
10-07-2019,1410.099976
11-07-2019,1404.300049
12-07-2019,1409.900024
15-07-2019,1411.400024
16-07-2019,1409.199951
17-07-2019,1421.300049
18-07-2019,1426.099976
19-07-2019,1425.099976
22-07-2019,1425.300049
23-07-2019,1420.099976
24-07-2019,1422.800049
25-07-2019,1413.900024
26-07-2019,1418.5
29-07-2019,1419.599976
30-07-2019,1429.699951
31-07-2019,1426.099976
01-08-2019,1420.900024
02-08-2019,1445.599976
05-08-2019,1464.599976
06-08-2019,1472.400024
07-08-2019,1507.300049
08-08-2019,1497.699951
09-08-2019,1496.599976
12-08-2019,1505.300049
13-08-2019,1502.199951
14-08-2019,1515.900024
15-08-2019,1519.599976
16-08-2019,1512.5
19-08-2019,1500.400024
20-08-2019,1504.599976
21-08-2019,1504.599976
22-08-2019,1497.300049
23-08-2019,1526.599976
26-08-2019,1526.300049
27-08-2019,1541
28-08-2019,1537.800049
29-08-2019,1526.5
30-08-2019,1519.099976
03-09-2019,1545.900024
04-09-2019,1550.300049
05-09-2019,1515.400024
06-09-2019,1506.199951
09-09-2019,1502.199951
10-09-2019,1490.300049
11-09-2019,1494.400024
12-09-2019,1498.699951
13-09-2019,1490.900024
16-09-2019,1503.099976
17-09-2019,1505.099976
18-09-2019,1507.5
19-09-2019,1498.400024
20-09-2019,1507.300049
23-09-2019,1523.699951
24-09-2019,1532.099976
25-09-2019,1504.599976
26-09-2019,1507.5
27-09-2019,1499.099976
30-09-2019,1465.699951
01-10-2019,1482
02-10-2019,1501
03-10-2019,1507.099976
04-10-2019,1506.199951
07-10-2019,1497.699951
08-10-2019,1497.199951
09-10-2019,1506.099976
10-10-2019,1494.800049
11-10-2019,1482.699951
14-10-2019,1491.699951
15-10-2019,1477.599976
16-10-2019,1488
17-10-2019,1492.300049
18-10-2019,1488.199951
21-10-2019,1482.400024
22-10-2019,1481.699951
23-10-2019,1489.900024
24-10-2019,1498.900024
25-10-2019,1499.5
28-10-2019,1490
29-10-2019,1487
30-10-2019,1493.199951
31-10-2019,1511.400024
01-11-2019,1508
04-11-2019,1508
05-11-2019,1480.800049
06-11-2019,1490.199951
07-11-2019,1464.199951
08-11-2019,1461.300049
11-11-2019,1455.5
12-11-2019,1452.099976
13-11-2019,1461.699951
14-11-2019,1471.800049
15-11-2019,1467.300049
18-11-2019,1470.900024
19-11-2019,1473.300049
20-11-2019,1473.300049
21-11-2019,1463.099976
22-11-2019,1463.099976
25-11-2019,1456.599976
26-11-2019,1459.800049
27-11-2019,1453.400024
29-11-2019,null
02-12-2019,1462.300049
03-12-2019,1478.199951
04-12-2019,1474
05-12-2019,1476.900024
06-12-2019,1459.099976
09-12-2019,1459.300049
10-12-2019,1462.599976
11-12-2019,1469.400024
12-12-2019,1466.699951
13-12-2019,1475.599976
16-12-2019,1475
17-12-2019,1474.599976
18-12-2019,1472.599976
19-12-2019,1478.199951
20-12-2019,1474.699951
23-12-2019,1482.5
24-12-2019,null
26-12-2019,1509.300049
27-12-2019,1513.800049
30-12-2019,1514.5
31-12-2019,1519.5
02-01-2020,1524.5
03-01-2020,1549.199951
06-01-2020,1566.199951
07-01-2020,1571.800049
08-01-2020,1557.400024
09-01-2020,1551.699951
10-01-2020,1557.5
13-01-2020,1548.400024
14-01-2020,1542.400024
15-01-2020,1552.099976
16-01-2020,1549
17-01-2020,1558.800049
21-01-2020,1556.400024
22-01-2020,1555.300049
23-01-2020,1564.599976
24-01-2020,1571.099976
27-01-2020,1576.800049
28-01-2020,1569.199951
29-01-2020,1569.800049
30-01-2020,1583.5
31-01-2020,1582.900024
03-02-2020,1577.199951
04-02-2020,1550.400024
05-02-2020,1557.800049
06-02-2020,1565.099976
07-02-2020,1568.599976
10-02-2020,1574.699951
11-02-2020,1565.599976
12-02-2020,1567.400024
13-02-2020,1575.099976
14-02-2020,1582.699951
18-02-2020,1600
19-02-2020,1607.5
20-02-2020,1616.599976
21-02-2020,1644.599976
24-02-2020,1672.400024
25-02-2020,1646.900024
26-02-2020,1640
27-02-2020,1640
28-02-2020,1564.099976
02-03-2020,1592.300049
03-03-2020,1642.099976
04-03-2020,1641.099976
05-03-2020,1666.400024
06-03-2020,1670.800049
09-03-2020,1674.5
10-03-2020,1659.099976
11-03-2020,1641.400024
12-03-2020,1589.300049
13-03-2020,1515.699951
16-03-2020,1485.900024
17-03-2020,1524.900024
18-03-2020,1477.300049
19-03-2020,1478.599976
20-03-2020,1484
23-03-2020,1567
24-03-2020,1660.199951
25-03-2020,1632.300049
26-03-2020,1650.099976
27-03-2020,1623.900024
30-03-2020,1622
31-03-2020,1583.400024
01-04-2020,1578.199951
02-04-2020,1625.699951
03-04-2020,1633.699951
06-04-2020,1677
07-04-2020,1664.800049
08-04-2020,1665.400024
09-04-2020,1736.199951
13-04-2020,1744.800049
14-04-2020,1756.699951
15-04-2020,1727.199951
16-04-2020,1720.400024
17-04-2020,1689.199951
20-04-2020,1701.599976
21-04-2020,1678.199951
22-04-2020,1728.699951
23-04-2020,1733.300049
24-04-2020,1723.5
27-04-2020,1711.900024
28-04-2020,1710.5
29-04-2020,1703.400024
30-04-2020,1684.199951
01-05-2020,1694.5
04-05-2020,1706.900024
05-05-2020,1704.400024
06-05-2020,1684.199951
07-05-2020,1721.800049
08-05-2020,1709.900024
11-05-2020,1695.300049
12-05-2020,1704.400024
13-05-2020,1713.900024
14-05-2020,1738.099976
15-05-2020,1753.400024
18-05-2020,1731.800049
19-05-2020,1744.199951
20-05-2020,1750.599976
21-05-2020,1720.5
22-05-2020,1734.599976
26-05-2020,1704.800049
27-05-2020,1710.300049
28-05-2020,1713.300049
29-05-2020,1736.900024
01-06-2020,1737.800049
02-06-2020,1725.199951
03-06-2020,1697.800049
04-06-2020,1718.900024
05-06-2020,1676.199951
08-06-2020,1698.300049
09-06-2020,1714.699951
10-06-2020,1713.300049
11-06-2020,1732
12-06-2020,1729.300049
15-06-2020,1720.300049
16-06-2020,1729.599976
17-06-2020,1729.199951
18-06-2020,1724.800049
19-06-2020,1745.900024
22-06-2020,1756.699951
23-06-2020,1772.099976
24-06-2020,1765.800049
25-06-2020,1762.099976
26-06-2020,1772.5
29-06-2020,1774.800049
30-06-2020,1793
01-07-2020,1773.199951
02-07-2020,1784
06-07-2020,1788.5
07-07-2020,1804.199951
08-07-2020,1815.5
09-07-2020,1799.199951
10-07-2020,1798.199951
13-07-2020,1811
14-07-2020,1810.599976
15-07-2020,1811.400024
16-07-2020,1798.699951
17-07-2020,1808.300049
20-07-2020,1815.900024
21-07-2020,1842.400024
22-07-2020,1864.099976
23-07-2020,1889.099976
24-07-2020,1897.300049
27-07-2020,1931
28-07-2020,1944.699951
29-07-2020,1953.5
30-07-2020,1942.300049
31-07-2020,1962.800049
03-08-2020,1966
04-08-2020,2001.199951
05-08-2020,2031.099976
06-08-2020,2051.5
07-08-2020,2010.099976
10-08-2020,2024.400024
11-08-2020,1932.599976
12-08-2020,1934.900024
13-08-2020,1956.699951
14-08-2020,1937
17-08-2020,1985
18-08-2020,1999.400024
19-08-2020,1958.699951
20-08-2020,1933.800049
21-08-2020,1934.599976
24-08-2020,1927.699951
25-08-2020,1911.800049
26-08-2020,1940.699951
27-08-2020,1921.599976
28-08-2020,1964.599976
31-08-2020,1967.599976
01-09-2020,1968.199951
02-09-2020,1934.400024
03-09-2020,1927.599976
04-09-2020,1923.900024
08-09-2020,1933
09-09-2020,1944.699951
10-09-2020,1954.199951
11-09-2020,1937.800049
14-09-2020,1953.099976
15-09-2020,1956.300049
16-09-2020,1960.199951
17-09-2020,1940
18-09-2020,1952.099976
21-09-2020,1901.199951
22-09-2020,1898.599976
23-09-2020,1859.900024
24-09-2020,1868.300049
25-09-2020,1857.699951
28-09-2020,1872.800049
29-09-2020,1894.300049
30-09-2020,1887.5
01-10-2020,1908.400024
02-10-2020,1900.199951
05-10-2020,1912.5
06-10-2020,1901.099976
07-10-2020,1883.599976
08-10-2020,1888.599976
09-10-2020,1919.5
12-10-2020,1922.5
13-10-2020,1888.5
14-10-2020,1901.300049
15-10-2020,1903.199951
16-10-2020,1900.800049
19-10-2020,1906.400024
20-10-2020,1910.400024
21-10-2020,1924.599976
22-10-2020,1901.099976
23-10-2020,1902
26-10-2020,1902.699951
27-10-2020,1908.800049
28-10-2020,1876.199951
29-10-2020,1865.599976
30-10-2020,1877.400024
02-11-2020,1890.400024
03-11-2020,1908.5
04-11-2020,1894.599976
05-11-2020,1945.300049
06-11-2020,1950.300049
09-11-2020,1853.199951
10-11-2020,1875.400024
11-11-2020,1860.699951
12-11-2020,1872.599976
13-11-2020,1885.699951
16-11-2020,1887.300049
17-11-2020,1884.5
18-11-2020,1873.5
19-11-2020,1861.099976
20-11-2020,1872.599976
23-11-2020,1837.800049
24-11-2020,1804.800049
25-11-2020,1805.699951
27-11-2020,null
30-11-2020,1775.699951
01-12-2020,1814.099976
02-12-2020,1825.699951
03-12-2020,1836.800049
04-12-2020,1835.900024
07-12-2020,1861.800049
08-12-2020,1870.800049
09-12-2020,1834.599976
10-12-2020,1833.599976
11-12-2020,1839.800049
14-12-2020,1828.699951
15-12-2020,1852.300049
16-12-2020,1856.099976
17-12-2020,1887.199951
18-12-2020,1885.699951
21-12-2020,1879.199951
22-12-2020,1866.599976
23-12-2020,1874.699951
24-12-2020,null
28-12-2020,1877.199951
29-12-2020,1879.699951
30-12-2020,1891
31-12-2020,1893.099976
04-01-2021,1944.699951
05-01-2021,1952.699951
06-01-2021,1906.900024
07-01-2021,1912.300049
08-01-2021,1834.099976
11-01-2021,1849.599976
12-01-2021,1842.900024
13-01-2021,1853.599976
14-01-2021,1850.300049
15-01-2021,1829.300049
19-01-2021,1839.5
20-01-2021,1865.900024
21-01-2021,1865.300049
22-01-2021,1855.699951
25-01-2021,1854.900024
26-01-2021,1850.699951
27-01-2021,1844.900024
28-01-2021,1837.900024
29-01-2021,1847.300049
01-02-2021,1860.800049
02-02-2021,1830.5
03-02-2021,1832.199951
04-02-2021,1788.900024
05-02-2021,1810.900024
08-02-2021,1831.900024
09-02-2021,1835.300049
10-02-2021,1840.599976
11-02-2021,1824.900024
12-02-2021,1821.599976
16-02-2021,1797.199951
17-02-2021,1771.099976
18-02-2021,1773.400024
19-02-2021,1775.800049
22-02-2021,1806.699951
23-02-2021,1804.400024
24-02-2021,1796.400024
25-02-2021,1774.400024
26-02-2021,1728.099976
01-03-2021,1722.5
02-03-2021,1733.099976
03-03-2021,1715.300049
04-03-2021,1700.199951
05-03-2021,1698
08-03-2021,1677.699951
09-03-2021,1716.599976
10-03-2021,1721.5
11-03-2021,1722.300049
12-03-2021,1719.5
15-03-2021,1728.900024
16-03-2021,1730.599976
17-03-2021,1726.800049
18-03-2021,1732.199951
19-03-2021,1741.400024
22-03-2021,1737.800049
23-03-2021,1724.699951
24-03-2021,1732.900024
25-03-2021,1724.900024
26-03-2021,1732.199951
29-03-2021,1712.099976
30-03-2021,1683.900024
31-03-2021,1713.800049
01-04-2021,1726.5
05-04-2021,1727
06-04-2021,1741.5
07-04-2021,1740.099976
08-04-2021,1756.800049
09-04-2021,1743.300049
12-04-2021,1731.199951
13-04-2021,1746.199951
14-04-2021,1734.900024
15-04-2021,1765.400024
16-04-2021,1779
19-04-2021,1769.400024
20-04-2021,1777.300049
21-04-2021,1792.300049
22-04-2021,1781.199951
23-04-2021,1777
26-04-2021,1779.199951
27-04-2021,1778
28-04-2021,1773.199951
29-04-2021,1768.099976
30-04-2021,1767.300049
03-05-2021,1791.400024
04-05-2021,1775.800049
05-05-2021,1784.099976
06-05-2021,1815.5
07-05-2021,1831.099976
10-05-2021,1837.5
11-05-2021,1835.900024
12-05-2021,1822.599976
13-05-2021,1823.800049
14-05-2021,1837.900024
17-05-2021,1867.5
18-05-2021,1867.800049
19-05-2021,1881.300049
20-05-2021,1881.800049
21-05-2021,1876.699951
24-05-2021,1884.599976
25-05-2021,1898.099976
26-05-2021,1901.300049
27-05-2021,1895.699951
28-05-2021,1902.5
01-06-2021,1902.900024
02-06-2021,1907.5
03-06-2021,1871.199951
04-06-2021,1889.800049
07-06-2021,1896.800049
08-06-2021,1892.199951
09-06-2021,1893.199951
10-06-2021,1894.199951
11-06-2021,1877.400024
14-06-2021,1864
15-06-2021,1854.5
16-06-2021,1859.5
17-06-2021,1773.800049
18-06-2021,1767.900024
21-06-2021,1781.800049
22-06-2021,1776.300049
23-06-2021,1782.300049
24-06-2021,1775.599976
25-06-2021,1776.599976
28-06-2021,1779.599976
29-06-2021,1762.800049
30-06-2021,1770.800049
01-07-2021,1775.900024
02-07-2021,1782.599976
06-07-2021,1793.5
07-07-2021,1801.5
08-07-2021,1799.599976
09-07-2021,1810
12-07-2021,1805.5
13-07-2021,1809.400024
14-07-2021,1824.300049
15-07-2021,1828.400024
16-07-2021,1814.5
